Using pre-set license
Built from '2022.3/staging' branch; Version is '2022.3.42f1 (2dcb6a0abc42) revision 3001194'; Using compiler version '192829333'; Build Type 'Release'
OS: 'Windows 11  (10.0.22631) 64bit Professional' Language: 'ko' Physical Memory: 31904 MB
BatchMode: 1, IsHumanControllingUs: 0, StartBugReporterOnCrash: 0, Is64bit: 1, IsPro: 1

COMMAND LINE ARGUMENTS:
C:\Program Files\Unity\Hub\Editor\2022.3.42f1\Editor\Unity.exe
-adb2
-batchMode
-noUpm
-name
AssetImportWorker1
-projectPath
C:/Users/computer/Documents/GitHub/Bulmabul
-logFile
Logs/AssetImportWorker1.log
-srvPort
7565
Successfully changed project path to: C:/Users/computer/Documents/GitHub/Bulmabul
C:/Users/computer/Documents/GitHub/Bulmabul
[UnityMemory] Configuration Parameters - Can be set up in boot.config
    "memorysetup-bucket-allocator-granularity=16"
    "memorysetup-bucket-allocator-bucket-count=8"
    "memorysetup-bucket-allocator-block-size=33554432"
    "memorysetup-bucket-allocator-block-count=8"
    "memorysetup-main-allocator-block-size=16777216"
    "memorysetup-thread-allocator-block-size=16777216"
    "memorysetup-gfx-main-allocator-block-size=16777216"
    "memorysetup-gfx-thread-allocator-block-size=16777216"
    "memorysetup-cache-allocator-block-size=4194304"
    "memorysetup-typetree-allocator-block-size=2097152"
    "memorysetup-profiler-bucket-allocator-granularity=16"
    "memorysetup-profiler-bucket-allocator-bucket-count=8"
    "memorysetup-profiler-bucket-allocator-block-size=33554432"
    "memorysetup-profiler-bucket-allocator-block-count=8"
    "memorysetup-profiler-allocator-block-size=16777216"
    "memorysetup-profiler-editor-allocator-block-size=1048576"
    "memorysetup-temp-allocator-size-main=16777216"
    "memorysetup-job-temp-allocator-block-size=2097152"
    "memorysetup-job-temp-allocator-block-size-background=1048576"
    "memorysetup-job-temp-allocator-reduction-small-platforms=262144"
    "memorysetup-allocator-temp-initial-block-size-main=262144"
    "memorysetup-allocator-temp-initial-block-size-worker=262144"
    "memorysetup-temp-allocator-size-background-worker=32768"
    "memorysetup-temp-allocator-size-job-worker=262144"
    "memorysetup-temp-allocator-size-preload-manager=33554432"
    "memorysetup-temp-allocator-size-nav-mesh-worker=65536"
    "memorysetup-temp-allocator-size-audio-worker=65536"
    "memorysetup-temp-allocator-size-cloud-worker=32768"
    "memorysetup-temp-allocator-size-gi-baking-worker=262144"
    "memorysetup-temp-allocator-size-gfx=262144"
Player connection [25204]  Target information:

Player connection [25204]  * "[IP] 192.168.55.21 [Port] 0 [Flags] 2 [Guid] 4187264881 [EditorId] 4187264881 [Version] 1048832 [Id] WindowsEditor(7,DESKTOP-KF2DDPS) [Debug] 1 [PackageName] WindowsEditor [ProjectName] Editor" 

Player connection [25204] Host joined multi-casting on [225.0.0.222:54997]...
Player connection [25204] Host joined alternative multi-casting on [225.0.0.222:34997]...
[PhysX] Initialized MultithreadedTaskDispatcher with 16 workers.
Refreshing native plugins compatible for Editor in 46.06 ms, found 10 plugins.
Preloading 0 native plugins for Editor in 0.00 ms.
Initialize engine version: 2022.3.42f1 (2dcb6a0abc42)
[Subsystems] Discovering subsystems at path C:/Program Files/Unity/Hub/Editor/2022.3.42f1/Editor/Data/Resources/UnitySubsystems
[Subsystems] Discovering subsystems at path C:/Users/computer/Documents/GitHub/Bulmabul/Assets
GfxDevice: creating device client; threaded=0; jobified=0
Direct3D:
    Version:  Direct3D 11.0 [level 11.1]
    Renderer: NVIDIA GeForce RTX 4080 (ID=0x2704)
    Vendor:   NVIDIA
    VRAM:     16050 MB
    Driver:   32.0.15.8180
Initialize mono
Mono path[0] = 'C:/Program Files/Unity/Hub/Editor/2022.3.42f1/Editor/Data/Managed'
Mono path[1] = 'C:/Program Files/Unity/Hub/Editor/2022.3.42f1/Editor/Data/MonoBleedingEdge/lib/mono/unityjit-win32'
Mono config path = 'C:/Program Files/Unity/Hub/Editor/2022.3.42f1/Editor/Data/MonoBleedingEdge/etc'
Using monoOptions --debugger-agent=transport=dt_socket,embedding=1,server=y,suspend=n,address=127.0.0.1:56464
Begin MonoManager ReloadAssembly
Registering precompiled unity dll's ...
Register platform support module: C:/Program Files/Unity/Hub/Editor/2022.3.42f1/Editor/Data/PlaybackEngines/AndroidPlayer/UnityEditor.Android.Extensions.dll
Register platform support module: C:/Program Files/Unity/Hub/Editor/2022.3.42f1/Editor/Data/PlaybackEngines/WindowsStandaloneSupport/UnityEditor.WindowsStandalone.Extensions.dll
Registered in 0.012467 seconds.
- Loaded All Assemblies, in  0.295 seconds
Native extension for WindowsStandalone target not found
Native extension for Android target not found
Android Extension - Scanning For ADB Devices 2686 ms
Mono: successfully reloaded assembly
- Finished resetting the current domain, in  2.911 seconds
Domain Reload Profiling: 3204ms
	BeginReloadAssembly (97ms)
		ExecutionOrderSort (0ms)
		DisableScriptedObjects (0ms)
		BackupInstance (0ms)
		ReleaseScriptingObjects (0ms)
		CreateAndSetChildDomain (0ms)
	RebuildCommonClasses (24ms)
	RebuildNativeTypeToScriptingClass (6ms)
	initialDomainReloadingComplete (53ms)
	LoadAllAssembliesAndSetupDomain (111ms)
		LoadAssemblies (96ms)
		RebuildTransferFunctionScriptingTraits (0ms)
		AnalyzeDomain (108ms)
			TypeCache.Refresh (107ms)
				TypeCache.ScanAssembly (95ms)
			ScanForSourceGeneratedMonoScriptInfo (0ms)
			ResolveRequiredComponents (0ms)
	FinalizeReload (2912ms)
		ReleaseScriptCaches (0ms)
		RebuildScriptCaches (0ms)
		SetupLoadedEditorAssemblies (2885ms)
			LogAssemblyErrors (0ms)
			InitializePlatformSupportModulesInManaged (2769ms)
			SetLoadedEditorAssemblies (2ms)
			RefreshPlugins (0ms)
			BeforeProcessingInitializeOnLoad (1ms)
			ProcessInitializeOnLoadAttributes (81ms)
			ProcessInitializeOnLoadMethodAttributes (31ms)
			AfterProcessingInitializeOnLoad (0ms)
			EditorAssembliesLoaded (0ms)
		ExecutionOrderSort2 (0ms)
		AwakeInstancesAfterBackupRestoration (0ms)
========================================================================
Worker process is ready to serve import requests
Caller must complete domain reload
Begin MonoManager ReloadAssembly
Symbol file LoadedFromMemory is not a mono symbol file
- Loaded All Assemblies, in  0.664 seconds
Native extension for WindowsStandalone target not found
Native extension for Android target not found
Mono: successfully reloaded assembly
- Finished resetting the current domain, in  0.476 seconds
Domain Reload Profiling: 1134ms
	BeginReloadAssembly (121ms)
		ExecutionOrderSort (0ms)
		DisableScriptedObjects (3ms)
		BackupInstance (0ms)
		ReleaseScriptingObjects (0ms)
		CreateAndSetChildDomain (16ms)
	RebuildCommonClasses (25ms)
	RebuildNativeTypeToScriptingClass (7ms)
	initialDomainReloadingComplete (44ms)
	LoadAllAssembliesAndSetupDomain (462ms)
		LoadAssemblies (376ms)
		RebuildTransferFunctionScriptingTraits (0ms)
		AnalyzeDomain (165ms)
			TypeCache.Refresh (146ms)
				TypeCache.ScanAssembly (131ms)
			ScanForSourceGeneratedMonoScriptInfo (14ms)
			ResolveRequiredComponents (4ms)
	FinalizeReload (476ms)
		ReleaseScriptCaches (0ms)
		RebuildScriptCaches (0ms)
		SetupLoadedEditorAssemblies (383ms)
			LogAssemblyErrors (0ms)
			InitializePlatformSupportModulesInManaged (21ms)
			SetLoadedEditorAssemblies (2ms)
			RefreshPlugins (0ms)
			BeforeProcessingInitializeOnLoad (53ms)
			ProcessInitializeOnLoadAttributes (281ms)
			ProcessInitializeOnLoadMethodAttributes (16ms)
			AfterProcessingInitializeOnLoad (11ms)
			EditorAssembliesLoaded (0ms)
		ExecutionOrderSort2 (0ms)
		AwakeInstancesAfterBackupRestoration (5ms)
Launched and connected shader compiler UnityShaderCompiler.exe after 0.04 seconds
Refreshing native plugins compatible for Editor in 25.49 ms, found 10 plugins.
Preloading 0 native plugins for Editor in 0.00 ms.
Unloading 3953 Unused Serialized files (Serialized files now loaded: 0)
Unloading 47 unused Assets / (64.8 KB). Loaded Objects now: 4436.
Memory consumption went from 149.0 MB to 148.9 MB.
Total: 2.704400 ms (FindLiveObjects: 0.248700 ms CreateObjectMapping: 0.053500 ms MarkObjects: 2.297800 ms  DeleteObjects: 0.103400 ms)

AssetImportParameters requested are different than current active one (requested -> active):
  custom:container-demuxer-ogg: 62fdf1f143b41e24485cea50d1cbac27 -> 
  custom:video-decoder-ogg-theora: a1e56fd34408186e4bbccfd4996cb3dc -> 
  custom:framework-win-MediaFoundation: 216162199b28c13a410421893ffa2e32 -> 
  custom:CustomObjectIndexerAttribute: 9a22284fe3817be447336de3de66b15e -> 
  custom:container-demuxer-webm: 4f35f7cbe854078d1ac9338744f61a02 -> 
  custom:container-muxer-webm: aa71ff27fc2769a1b78a27578f13a17b -> 
  custom:video-decoder-webm-vp8: 9c59270c3fd7afecdb556c50c9e8de78 -> 
  custom:SearchIndexIgnoredProperties: e643bd26f0fe6173181afceb89e7c659 -> 
  custom:AudioImporter_EditorPlatform: d09bf68614088b80899f8185d706f6e7 -> 
  custom:video-encoder-webm-vp8: eb34c28f22e8b96e1ab97ce403110664 -> 
  custom:audio-decoder-ogg-vorbis: bf7c407c2cedff20999df2af8eb42d56 -> 
  custom:audio-encoder-webm-vorbis: bf7c407c2cedff20999df2af8eb42d56 -> 
========================================================================
Received Prepare
Caller must complete domain reload
Begin MonoManager ReloadAssembly
Symbol file LoadedFromMemory is not a mono symbol file
- Loaded All Assemblies, in  0.448 seconds
Native extension for WindowsStandalone target not found
Native extension for Android target not found
Mono: successfully reloaded assembly
- Finished resetting the current domain, in  1.042 seconds
Domain Reload Profiling: 1486ms
	BeginReloadAssembly (125ms)
		ExecutionOrderSort (0ms)
		DisableScriptedObjects (3ms)
		BackupInstance (0ms)
		ReleaseScriptingObjects (0ms)
		CreateAndSetChildDomain (30ms)
	RebuildCommonClasses (20ms)
	RebuildNativeTypeToScriptingClass (6ms)
	initialDomainReloadingComplete (37ms)
	LoadAllAssembliesAndSetupDomain (255ms)
		LoadAssemblies (313ms)
		RebuildTransferFunctionScriptingTraits (0ms)
		AnalyzeDomain (9ms)
			TypeCache.Refresh (4ms)
				TypeCache.ScanAssembly (0ms)
			ScanForSourceGeneratedMonoScriptInfo (0ms)
			ResolveRequiredComponents (4ms)
	FinalizeReload (1043ms)
		ReleaseScriptCaches (0ms)
		RebuildScriptCaches (0ms)
		SetupLoadedEditorAssemblies (353ms)
			LogAssemblyErrors (0ms)
			InitializePlatformSupportModulesInManaged (22ms)
			SetLoadedEditorAssemblies (3ms)
			RefreshPlugins (0ms)
			BeforeProcessingInitializeOnLoad (55ms)
			ProcessInitializeOnLoadAttributes (244ms)
			ProcessInitializeOnLoadMethodAttributes (17ms)
			AfterProcessingInitializeOnLoad (11ms)
			EditorAssembliesLoaded (0ms)
		ExecutionOrderSort2 (0ms)
		AwakeInstancesAfterBackupRestoration (5ms)
Refreshing native plugins compatible for Editor in 27.82 ms, found 10 plugins.
Preloading 0 native plugins for Editor in 0.00 ms.
Unloading 3931 Unused Serialized files (Serialized files now loaded: 0)
Unloading 42 unused Assets / (38.3 KB). Loaded Objects now: 4440.
Memory consumption went from 143.7 MB to 143.6 MB.
Total: 2.672000 ms (FindLiveObjects: 0.246300 ms CreateObjectMapping: 0.062600 ms MarkObjects: 2.300400 ms  DeleteObjects: 0.062100 ms)

Prepare: number of updated asset objects reloaded= 0
AssetImportParameters requested are different than current active one (requested -> active):
  custom:container-demuxer-ogg: 62fdf1f143b41e24485cea50d1cbac27 -> 
  custom:video-decoder-ogg-theora: a1e56fd34408186e4bbccfd4996cb3dc -> 
  custom:framework-win-MediaFoundation: 216162199b28c13a410421893ffa2e32 -> 
  custom:CustomObjectIndexerAttribute: 9a22284fe3817be447336de3de66b15e -> 
  custom:container-demuxer-webm: 4f35f7cbe854078d1ac9338744f61a02 -> 
  custom:container-muxer-webm: aa71ff27fc2769a1b78a27578f13a17b -> 
  custom:video-decoder-webm-vp8: 9c59270c3fd7afecdb556c50c9e8de78 -> 
  custom:SearchIndexIgnoredProperties: e643bd26f0fe6173181afceb89e7c659 -> 
  custom:AudioImporter_EditorPlatform: d09bf68614088b80899f8185d706f6e7 -> 
  custom:video-encoder-webm-vp8: eb34c28f22e8b96e1ab97ce403110664 -> 
  custom:audio-decoder-ogg-vorbis: bf7c407c2cedff20999df2af8eb42d56 -> 
  custom:audio-encoder-webm-vorbis: bf7c407c2cedff20999df2af8eb42d56 -> 
========================================================================
Received Prepare
Caller must complete domain reload
Begin MonoManager ReloadAssembly
Symbol file LoadedFromMemory is not a mono symbol file
- Loaded All Assemblies, in  0.447 seconds
Native extension for WindowsStandalone target not found
Native extension for Android target not found
Mono: successfully reloaded assembly
- Finished resetting the current domain, in  0.937 seconds
Domain Reload Profiling: 1379ms
	BeginReloadAssembly (120ms)
		ExecutionOrderSort (0ms)
		DisableScriptedObjects (3ms)
		BackupInstance (0ms)
		ReleaseScriptingObjects (0ms)
		CreateAndSetChildDomain (23ms)
	RebuildCommonClasses (21ms)
	RebuildNativeTypeToScriptingClass (6ms)
	initialDomainReloadingComplete (36ms)
	LoadAllAssembliesAndSetupDomain (259ms)
		LoadAssemblies (317ms)
		RebuildTransferFunctionScriptingTraits (0ms)
		AnalyzeDomain (9ms)
			TypeCache.Refresh (4ms)
				TypeCache.ScanAssembly (0ms)
			ScanForSourceGeneratedMonoScriptInfo (0ms)
			ResolveRequiredComponents (4ms)
	FinalizeReload (937ms)
		ReleaseScriptCaches (0ms)
		RebuildScriptCaches (0ms)
		SetupLoadedEditorAssemblies (356ms)
			LogAssemblyErrors (0ms)
			InitializePlatformSupportModulesInManaged (21ms)
			SetLoadedEditorAssemblies (3ms)
			RefreshPlugins (0ms)
			BeforeProcessingInitializeOnLoad (55ms)
			ProcessInitializeOnLoadAttributes (248ms)
			ProcessInitializeOnLoadMethodAttributes (17ms)
			AfterProcessingInitializeOnLoad (10ms)
			EditorAssembliesLoaded (0ms)
		ExecutionOrderSort2 (0ms)
		AwakeInstancesAfterBackupRestoration (5ms)
Refreshing native plugins compatible for Editor in 28.82 ms, found 10 plugins.
Preloading 0 native plugins for Editor in 0.00 ms.
Unloading 3931 Unused Serialized files (Serialized files now loaded: 0)
Unloading 42 unused Assets / (38.3 KB). Loaded Objects now: 4444.
Memory consumption went from 143.7 MB to 143.6 MB.
Total: 2.852700 ms (FindLiveObjects: 0.401500 ms CreateObjectMapping: 0.174900 ms MarkObjects: 2.218400 ms  DeleteObjects: 0.056900 ms)

Prepare: number of updated asset objects reloaded= 0
AssetImportParameters requested are different than current active one (requested -> active):
  custom:container-demuxer-ogg: 62fdf1f143b41e24485cea50d1cbac27 -> 
  custom:video-decoder-ogg-theora: a1e56fd34408186e4bbccfd4996cb3dc -> 
  custom:framework-win-MediaFoundation: 216162199b28c13a410421893ffa2e32 -> 
  custom:CustomObjectIndexerAttribute: 9a22284fe3817be447336de3de66b15e -> 
  custom:container-demuxer-webm: 4f35f7cbe854078d1ac9338744f61a02 -> 
  custom:container-muxer-webm: aa71ff27fc2769a1b78a27578f13a17b -> 
  custom:video-decoder-webm-vp8: 9c59270c3fd7afecdb556c50c9e8de78 -> 
  custom:SearchIndexIgnoredProperties: e643bd26f0fe6173181afceb89e7c659 -> 
  custom:AudioImporter_EditorPlatform: d09bf68614088b80899f8185d706f6e7 -> 
  custom:video-encoder-webm-vp8: eb34c28f22e8b96e1ab97ce403110664 -> 
  custom:audio-decoder-ogg-vorbis: bf7c407c2cedff20999df2af8eb42d56 -> 
  custom:audio-encoder-webm-vorbis: bf7c407c2cedff20999df2af8eb42d56 -> 
========================================================================
Received Import Request.
  Time since last request: 46676.868373 seconds.
  path: Assets/200.Prefabs/201.Login/LoginPanel.prefab
  artifactKey: Guid(2ec0abde7cfa1384db0e76f216baec4f) Importer(815301076,1909f56bfc062723c751e8b465ee728b)
Start importing Assets/200.Prefabs/201.Login/LoginPanel.prefab using Guid(2ec0abde7cfa1384db0e76f216baec4f) Importer(815301076,1909f56bfc062723c751e8b465ee728b) [PhysX] Initialized MultithreadedTaskDispatcher with 16 workers.
 -> (artifact id: '0e4d17cfc41c87a3db8538d298660833') in 0.002599 seconds
Number of updated asset objects reloaded before import = 0
Number of asset objects unloaded after import = 0
========================================================================
Received Import Request.
  Time since last request: 77.029879 seconds.
  path: Assets/200.Prefabs/201.Login/LoginPanel.prefab
  artifactKey: Guid(2ec0abde7cfa1384db0e76f216baec4f) Importer(815301076,1909f56bfc062723c751e8b465ee728b)
Start importing Assets/200.Prefabs/201.Login/LoginPanel.prefab using Guid(2ec0abde7cfa1384db0e76f216baec4f) Importer(815301076,1909f56bfc062723c751e8b465ee728b) [PhysX] Initialized MultithreadedTaskDispatcher with 16 workers.
 -> (artifact id: '0e4d17cfc41c87a3db8538d298660833') in 0.000551 seconds
Number of updated asset objects reloaded before import = 0
Number of asset objects unloaded after import = 0
========================================================================
Received Import Request.
  Time since last request: 0.000030 seconds.
  path: Assets/200.Prefabs/201.Login/ToastMessage.prefab
  artifactKey: Guid(1e77cd5e432784f4a9ffd4c84aae269c) Importer(815301076,1909f56bfc062723c751e8b465ee728b)
Start importing Assets/200.Prefabs/201.Login/ToastMessage.prefab using Guid(1e77cd5e432784f4a9ffd4c84aae269c) Importer(815301076,1909f56bfc062723c751e8b465ee728b) [PhysX] Initialized MultithreadedTaskDispatcher with 16 workers.
 -> (artifact id: 'dc5b7d15db80b3bc5e25fc0d462f1bcc') in 0.000306 seconds
Number of updated asset objects reloaded before import = 0
Number of asset objects unloaded after import = 0
========================================================================
Received Prepare
Caller must complete domain reload
Begin MonoManager ReloadAssembly
Symbol file LoadedFromMemory is not a mono symbol file
- Loaded All Assemblies, in  0.549 seconds
Native extension for WindowsStandalone target not found
Native extension for Android target not found
Mono: successfully reloaded assembly
- Finished resetting the current domain, in  0.971 seconds
Domain Reload Profiling: 1515ms
	BeginReloadAssembly (136ms)
		ExecutionOrderSort (0ms)
		DisableScriptedObjects (4ms)
		BackupInstance (0ms)
		ReleaseScriptingObjects (0ms)
		CreateAndSetChildDomain (27ms)
	RebuildCommonClasses (24ms)
	RebuildNativeTypeToScriptingClass (9ms)
	initialDomainReloadingComplete (42ms)
	LoadAllAssembliesAndSetupDomain (331ms)
		LoadAssemblies (387ms)
		RebuildTransferFunctionScriptingTraits (0ms)
		AnalyzeDomain (21ms)
			TypeCache.Refresh (9ms)
				TypeCache.ScanAssembly (1ms)
			ScanForSourceGeneratedMonoScriptInfo (7ms)
			ResolveRequiredComponents (4ms)
	FinalizeReload (972ms)
		ReleaseScriptCaches (0ms)
		RebuildScriptCaches (0ms)
		SetupLoadedEditorAssemblies (356ms)
			LogAssemblyErrors (0ms)
			InitializePlatformSupportModulesInManaged (22ms)
			SetLoadedEditorAssemblies (4ms)
			RefreshPlugins (0ms)
			BeforeProcessingInitializeOnLoad (57ms)
			ProcessInitializeOnLoadAttributes (244ms)
			ProcessInitializeOnLoadMethodAttributes (19ms)
			AfterProcessingInitializeOnLoad (10ms)
			EditorAssembliesLoaded (0ms)
		ExecutionOrderSort2 (0ms)
		AwakeInstancesAfterBackupRestoration (5ms)
Refreshing native plugins compatible for Editor in 49.52 ms, found 10 plugins.
Preloading 0 native plugins for Editor in 0.00 ms.
Unloading 3930 Unused Serialized files (Serialized files now loaded: 0)
Unloading 42 unused Assets / (38.4 KB). Loaded Objects now: 4448.
Memory consumption went from 143.4 MB to 143.4 MB.
Total: 2.375600 ms (FindLiveObjects: 0.383100 ms CreateObjectMapping: 0.082200 ms MarkObjects: 1.854300 ms  DeleteObjects: 0.055200 ms)

Prepare: number of updated asset objects reloaded= 0
AssetImportParameters requested are different than current active one (requested -> active):
  custom:container-demuxer-ogg: 62fdf1f143b41e24485cea50d1cbac27 -> 
  custom:video-decoder-ogg-theora: a1e56fd34408186e4bbccfd4996cb3dc -> 
  custom:framework-win-MediaFoundation: 216162199b28c13a410421893ffa2e32 -> 
  custom:CustomObjectIndexerAttribute: 9a22284fe3817be447336de3de66b15e -> 
  custom:container-demuxer-webm: 4f35f7cbe854078d1ac9338744f61a02 -> 
  custom:container-muxer-webm: aa71ff27fc2769a1b78a27578f13a17b -> 
  custom:video-decoder-webm-vp8: 9c59270c3fd7afecdb556c50c9e8de78 -> 
  custom:SearchIndexIgnoredProperties: e643bd26f0fe6173181afceb89e7c659 -> 
  custom:AudioImporter_EditorPlatform: d09bf68614088b80899f8185d706f6e7 -> 
  custom:video-encoder-webm-vp8: eb34c28f22e8b96e1ab97ce403110664 -> 
  custom:audio-decoder-ogg-vorbis: bf7c407c2cedff20999df2af8eb42d56 -> 
  custom:audio-encoder-webm-vorbis: bf7c407c2cedff20999df2af8eb42d56 -> 
  custom:scripting/precompiled-assembly-types:Assembly-CSharp: 0aead23f532cc04b4d08aa2631584571 -> b7af8e27620098665de9fa658ac1471d
========================================================================
Received Prepare
Caller must complete domain reload
Begin MonoManager ReloadAssembly
Symbol file LoadedFromMemory is not a mono symbol file
- Loaded All Assemblies, in  0.534 seconds
Native extension for WindowsStandalone target not found
Native extension for Android target not found
Mono: successfully reloaded assembly
- Finished resetting the current domain, in  1.095 seconds
Domain Reload Profiling: 1624ms
	BeginReloadAssembly (137ms)
		ExecutionOrderSort (0ms)
		DisableScriptedObjects (3ms)
		BackupInstance (0ms)
		ReleaseScriptingObjects (0ms)
		CreateAndSetChildDomain (30ms)
	RebuildCommonClasses (27ms)
	RebuildNativeTypeToScriptingClass (8ms)
	initialDomainReloadingComplete (45ms)
	LoadAllAssembliesAndSetupDomain (311ms)
		LoadAssemblies (366ms)
		RebuildTransferFunctionScriptingTraits (0ms)
		AnalyzeDomain (22ms)
			TypeCache.Refresh (8ms)
				TypeCache.ScanAssembly (1ms)
			ScanForSourceGeneratedMonoScriptInfo (7ms)
			ResolveRequiredComponents (5ms)
	FinalizeReload (1096ms)
		ReleaseScriptCaches (0ms)
		RebuildScriptCaches (0ms)
		SetupLoadedEditorAssemblies (408ms)
			LogAssemblyErrors (0ms)
			InitializePlatformSupportModulesInManaged (21ms)
			SetLoadedEditorAssemblies (3ms)
			RefreshPlugins (0ms)
			BeforeProcessingInitializeOnLoad (57ms)
			ProcessInitializeOnLoadAttributes (298ms)
			ProcessInitializeOnLoadMethodAttributes (19ms)
			AfterProcessingInitializeOnLoad (10ms)
			EditorAssembliesLoaded (0ms)
		ExecutionOrderSort2 (0ms)
		AwakeInstancesAfterBackupRestoration (6ms)
Refreshing native plugins compatible for Editor in 29.55 ms, found 10 plugins.
Preloading 0 native plugins for Editor in 0.00 ms.
Unloading 3931 Unused Serialized files (Serialized files now loaded: 0)
Unloading 42 unused Assets / (38.3 KB). Loaded Objects now: 4452.
Memory consumption went from 143.7 MB to 143.7 MB.
Total: 2.628000 ms (FindLiveObjects: 0.390700 ms CreateObjectMapping: 0.074300 ms MarkObjects: 2.103000 ms  DeleteObjects: 0.059200 ms)

Prepare: number of updated asset objects reloaded= 0
AssetImportParameters requested are different than current active one (requested -> active):
  custom:container-demuxer-ogg: 62fdf1f143b41e24485cea50d1cbac27 -> 
  custom:video-decoder-ogg-theora: a1e56fd34408186e4bbccfd4996cb3dc -> 
  custom:framework-win-MediaFoundation: 216162199b28c13a410421893ffa2e32 -> 
  custom:CustomObjectIndexerAttribute: 9a22284fe3817be447336de3de66b15e -> 
  custom:container-demuxer-webm: 4f35f7cbe854078d1ac9338744f61a02 -> 
  custom:container-muxer-webm: aa71ff27fc2769a1b78a27578f13a17b -> 
  custom:video-decoder-webm-vp8: 9c59270c3fd7afecdb556c50c9e8de78 -> 
  custom:SearchIndexIgnoredProperties: e643bd26f0fe6173181afceb89e7c659 -> 
  custom:AudioImporter_EditorPlatform: d09bf68614088b80899f8185d706f6e7 -> 
  custom:video-encoder-webm-vp8: eb34c28f22e8b96e1ab97ce403110664 -> 
  custom:audio-decoder-ogg-vorbis: bf7c407c2cedff20999df2af8eb42d56 -> 
  custom:audio-encoder-webm-vorbis: bf7c407c2cedff20999df2af8eb42d56 -> 
  custom:scripting/precompiled-assembly-types:Assembly-CSharp: 0aead23f532cc04b4d08aa2631584571 -> b7af8e27620098665de9fa658ac1471d
========================================================================
Received Prepare
Caller must complete domain reload
Begin MonoManager ReloadAssembly
Symbol file LoadedFromMemory is not a mono symbol file
- Loaded All Assemblies, in  0.550 seconds
Native extension for WindowsStandalone target not found
Native extension for Android target not found
Mono: successfully reloaded assembly
- Finished resetting the current domain, in  0.931 seconds
Domain Reload Profiling: 1474ms
	BeginReloadAssembly (151ms)
		ExecutionOrderSort (0ms)
		DisableScriptedObjects (3ms)
		BackupInstance (0ms)
		ReleaseScriptingObjects (0ms)
		CreateAndSetChildDomain (29ms)
	RebuildCommonClasses (24ms)
	RebuildNativeTypeToScriptingClass (9ms)
	initialDomainReloadingComplete (41ms)
	LoadAllAssembliesAndSetupDomain (318ms)
		LoadAssemblies (388ms)
		RebuildTransferFunctionScriptingTraits (0ms)
		AnalyzeDomain (21ms)
			TypeCache.Refresh (9ms)
				TypeCache.ScanAssembly (1ms)
			ScanForSourceGeneratedMonoScriptInfo (6ms)
			ResolveRequiredComponents (5ms)
	FinalizeReload (931ms)
		ReleaseScriptCaches (0ms)
		RebuildScriptCaches (0ms)
		SetupLoadedEditorAssemblies (361ms)
			LogAssemblyErrors (0ms)
			InitializePlatformSupportModulesInManaged (20ms)
			SetLoadedEditorAssemblies (3ms)
			RefreshPlugins (0ms)
			BeforeProcessingInitializeOnLoad (54ms)
			ProcessInitializeOnLoadAttributes (258ms)
			ProcessInitializeOnLoadMethodAttributes (17ms)
			AfterProcessingInitializeOnLoad (9ms)
			EditorAssembliesLoaded (0ms)
		ExecutionOrderSort2 (0ms)
		AwakeInstancesAfterBackupRestoration (4ms)
Refreshing native plugins compatible for Editor in 29.27 ms, found 10 plugins.
Preloading 0 native plugins for Editor in 0.00 ms.
Unloading 3931 Unused Serialized files (Serialized files now loaded: 0)
Unloading 42 unused Assets / (38.3 KB). Loaded Objects now: 4456.
Memory consumption went from 143.7 MB to 143.7 MB.
Total: 2.287800 ms (FindLiveObjects: 0.306200 ms CreateObjectMapping: 0.066300 ms MarkObjects: 1.859900 ms  DeleteObjects: 0.054700 ms)

Prepare: number of updated asset objects reloaded= 0
AssetImportParameters requested are different than current active one (requested -> active):
  custom:container-demuxer-ogg: 62fdf1f143b41e24485cea50d1cbac27 -> 
  custom:video-decoder-ogg-theora: a1e56fd34408186e4bbccfd4996cb3dc -> 
  custom:framework-win-MediaFoundation: 216162199b28c13a410421893ffa2e32 -> 
  custom:CustomObjectIndexerAttribute: 9a22284fe3817be447336de3de66b15e -> 
  custom:container-demuxer-webm: 4f35f7cbe854078d1ac9338744f61a02 -> 
  custom:container-muxer-webm: aa71ff27fc2769a1b78a27578f13a17b -> 
  custom:video-decoder-webm-vp8: 9c59270c3fd7afecdb556c50c9e8de78 -> 
  custom:SearchIndexIgnoredProperties: e643bd26f0fe6173181afceb89e7c659 -> 
  custom:AudioImporter_EditorPlatform: d09bf68614088b80899f8185d706f6e7 -> 
  custom:video-encoder-webm-vp8: eb34c28f22e8b96e1ab97ce403110664 -> 
  custom:audio-decoder-ogg-vorbis: bf7c407c2cedff20999df2af8eb42d56 -> 
  custom:audio-encoder-webm-vorbis: bf7c407c2cedff20999df2af8eb42d56 -> 
  custom:scripting/precompiled-assembly-types:Assembly-CSharp: 0aead23f532cc04b4d08aa2631584571 -> b7af8e27620098665de9fa658ac1471d
========================================================================
Received Prepare
Caller must complete domain reload
Begin MonoManager ReloadAssembly
Symbol file LoadedFromMemory is not a mono symbol file
- Loaded All Assemblies, in  0.566 seconds
Native extension for WindowsStandalone target not found
Native extension for Android target not found
Mono: successfully reloaded assembly
- Finished resetting the current domain, in  0.988 seconds
Domain Reload Profiling: 1547ms
	BeginReloadAssembly (151ms)
		ExecutionOrderSort (0ms)
		DisableScriptedObjects (3ms)
		BackupInstance (0ms)
		ReleaseScriptingObjects (0ms)
		CreateAndSetChildDomain (32ms)
	RebuildCommonClasses (27ms)
	RebuildNativeTypeToScriptingClass (10ms)
	initialDomainReloadingComplete (48ms)
	LoadAllAssembliesAndSetupDomain (323ms)
		LoadAssemblies (387ms)
		RebuildTransferFunctionScriptingTraits (0ms)
		AnalyzeDomain (21ms)
			TypeCache.Refresh (8ms)
				TypeCache.ScanAssembly (1ms)
			ScanForSourceGeneratedMonoScriptInfo (6ms)
			ResolveRequiredComponents (6ms)
	FinalizeReload (988ms)
		ReleaseScriptCaches (0ms)
		RebuildScriptCaches (0ms)
		SetupLoadedEditorAssemblies (383ms)
			LogAssemblyErrors (0ms)
			InitializePlatformSupportModulesInManaged (24ms)
			SetLoadedEditorAssemblies (4ms)
			RefreshPlugins (0ms)
			BeforeProcessingInitializeOnLoad (58ms)
			ProcessInitializeOnLoadAttributes (267ms)
			ProcessInitializeOnLoadMethodAttributes (18ms)
			AfterProcessingInitializeOnLoad (11ms)
			EditorAssembliesLoaded (0ms)
		ExecutionOrderSort2 (0ms)
		AwakeInstancesAfterBackupRestoration (6ms)
Refreshing native plugins compatible for Editor in 38.92 ms, found 10 plugins.
Preloading 0 native plugins for Editor in 0.00 ms.
Unloading 3931 Unused Serialized files (Serialized files now loaded: 0)
Unloading 42 unused Assets / (38.4 KB). Loaded Objects now: 4460.
Memory consumption went from 143.7 MB to 143.7 MB.
Total: 3.202200 ms (FindLiveObjects: 0.497500 ms CreateObjectMapping: 0.107500 ms MarkObjects: 2.531600 ms  DeleteObjects: 0.064800 ms)

Prepare: number of updated asset objects reloaded= 0
AssetImportParameters requested are different than current active one (requested -> active):
  custom:container-demuxer-ogg: 62fdf1f143b41e24485cea50d1cbac27 -> 
  custom:video-decoder-ogg-theora: a1e56fd34408186e4bbccfd4996cb3dc -> 
  custom:framework-win-MediaFoundation: 216162199b28c13a410421893ffa2e32 -> 
  custom:CustomObjectIndexerAttribute: 9a22284fe3817be447336de3de66b15e -> 
  custom:container-demuxer-webm: 4f35f7cbe854078d1ac9338744f61a02 -> 
  custom:container-muxer-webm: aa71ff27fc2769a1b78a27578f13a17b -> 
  custom:video-decoder-webm-vp8: 9c59270c3fd7afecdb556c50c9e8de78 -> 
  custom:SearchIndexIgnoredProperties: e643bd26f0fe6173181afceb89e7c659 -> 
  custom:AudioImporter_EditorPlatform: d09bf68614088b80899f8185d706f6e7 -> 
  custom:video-encoder-webm-vp8: eb34c28f22e8b96e1ab97ce403110664 -> 
  custom:audio-decoder-ogg-vorbis: bf7c407c2cedff20999df2af8eb42d56 -> 
  custom:audio-encoder-webm-vorbis: bf7c407c2cedff20999df2af8eb42d56 -> 
  custom:scripting/precompiled-assembly-types:Assembly-CSharp: 0aead23f532cc04b4d08aa2631584571 -> b7af8e27620098665de9fa658ac1471d
========================================================================
Received Prepare
Caller must complete domain reload
Begin MonoManager ReloadAssembly
Symbol file LoadedFromMemory is not a mono symbol file
- Loaded All Assemblies, in  0.525 seconds
Native extension for WindowsStandalone target not found
Native extension for Android target not found
Mono: successfully reloaded assembly
- Finished resetting the current domain, in  0.943 seconds
Domain Reload Profiling: 1462ms
	BeginReloadAssembly (139ms)
		ExecutionOrderSort (0ms)
		DisableScriptedObjects (2ms)
		BackupInstance (0ms)
		ReleaseScriptingObjects (0ms)
		CreateAndSetChildDomain (30ms)
	RebuildCommonClasses (24ms)
	RebuildNativeTypeToScriptingClass (11ms)
	initialDomainReloadingComplete (41ms)
	LoadAllAssembliesAndSetupDomain (302ms)
		LoadAssemblies (362ms)
		RebuildTransferFunctionScriptingTraits (0ms)
		AnalyzeDomain (18ms)
			TypeCache.Refresh (7ms)
				TypeCache.ScanAssembly (1ms)
			ScanForSourceGeneratedMonoScriptInfo (5ms)
			ResolveRequiredComponents (4ms)
	FinalizeReload (944ms)
		ReleaseScriptCaches (0ms)
		RebuildScriptCaches (0ms)
		SetupLoadedEditorAssemblies (367ms)
			LogAssemblyErrors (0ms)
			InitializePlatformSupportModulesInManaged (22ms)
			SetLoadedEditorAssemblies (3ms)
			RefreshPlugins (0ms)
			BeforeProcessingInitializeOnLoad (57ms)
			ProcessInitializeOnLoadAttributes (256ms)
			ProcessInitializeOnLoadMethodAttributes (18ms)
			AfterProcessingInitializeOnLoad (11ms)
			EditorAssembliesLoaded (0ms)
		ExecutionOrderSort2 (0ms)
		AwakeInstancesAfterBackupRestoration (5ms)
Refreshing native plugins compatible for Editor in 27.86 ms, found 10 plugins.
Preloading 0 native plugins for Editor in 0.00 ms.
Unloading 3931 Unused Serialized files (Serialized files now loaded: 0)
Unloading 42 unused Assets / (38.3 KB). Loaded Objects now: 4464.
Memory consumption went from 143.7 MB to 143.7 MB.
Total: 3.755400 ms (FindLiveObjects: 0.433600 ms CreateObjectMapping: 0.101700 ms MarkObjects: 3.120500 ms  DeleteObjects: 0.098100 ms)

Prepare: number of updated asset objects reloaded= 0
AssetImportParameters requested are different than current active one (requested -> active):
  custom:container-demuxer-ogg: 62fdf1f143b41e24485cea50d1cbac27 -> 
  custom:video-decoder-ogg-theora: a1e56fd34408186e4bbccfd4996cb3dc -> 
  custom:framework-win-MediaFoundation: 216162199b28c13a410421893ffa2e32 -> 
  custom:CustomObjectIndexerAttribute: 9a22284fe3817be447336de3de66b15e -> 
  custom:container-demuxer-webm: 4f35f7cbe854078d1ac9338744f61a02 -> 
  custom:container-muxer-webm: aa71ff27fc2769a1b78a27578f13a17b -> 
  custom:video-decoder-webm-vp8: 9c59270c3fd7afecdb556c50c9e8de78 -> 
  custom:SearchIndexIgnoredProperties: e643bd26f0fe6173181afceb89e7c659 -> 
  custom:AudioImporter_EditorPlatform: d09bf68614088b80899f8185d706f6e7 -> 
  custom:video-encoder-webm-vp8: eb34c28f22e8b96e1ab97ce403110664 -> 
  custom:audio-decoder-ogg-vorbis: bf7c407c2cedff20999df2af8eb42d56 -> 
  custom:audio-encoder-webm-vorbis: bf7c407c2cedff20999df2af8eb42d56 -> 
  custom:scripting/precompiled-assembly-types:Assembly-CSharp: 0aead23f532cc04b4d08aa2631584571 -> b7af8e27620098665de9fa658ac1471d
========================================================================
Received Prepare
Caller must complete domain reload
Begin MonoManager ReloadAssembly
Symbol file LoadedFromMemory is not a mono symbol file
- Loaded All Assemblies, in  0.519 seconds
Native extension for WindowsStandalone target not found
Native extension for Android target not found
Mono: successfully reloaded assembly
- Finished resetting the current domain, in  0.922 seconds
Domain Reload Profiling: 1435ms
	BeginReloadAssembly (144ms)
		ExecutionOrderSort (0ms)
		DisableScriptedObjects (3ms)
		BackupInstance (0ms)
		ReleaseScriptingObjects (0ms)
		CreateAndSetChildDomain (30ms)
	RebuildCommonClasses (26ms)
	RebuildNativeTypeToScriptingClass (10ms)
	initialDomainReloadingComplete (44ms)
	LoadAllAssembliesAndSetupDomain (290ms)
		LoadAssemblies (352ms)
		RebuildTransferFunctionScriptingTraits (0ms)
		AnalyzeDomain (18ms)
			TypeCache.Refresh (7ms)
				TypeCache.ScanAssembly (1ms)
			ScanForSourceGeneratedMonoScriptInfo (5ms)
			ResolveRequiredComponents (5ms)
	FinalizeReload (922ms)
		ReleaseScriptCaches (0ms)
		RebuildScriptCaches (0ms)
		SetupLoadedEditorAssemblies (357ms)
			LogAssemblyErrors (0ms)
			InitializePlatformSupportModulesInManaged (21ms)
			SetLoadedEditorAssemblies (3ms)
			RefreshPlugins (0ms)
			BeforeProcessingInitializeOnLoad (55ms)
			ProcessInitializeOnLoadAttributes (250ms)
			ProcessInitializeOnLoadMethodAttributes (18ms)
			AfterProcessingInitializeOnLoad (10ms)
			EditorAssembliesLoaded (0ms)
		ExecutionOrderSort2 (0ms)
		AwakeInstancesAfterBackupRestoration (5ms)
Refreshing native plugins compatible for Editor in 27.56 ms, found 10 plugins.
Preloading 0 native plugins for Editor in 0.00 ms.
Unloading 3931 Unused Serialized files (Serialized files now loaded: 0)
Unloading 42 unused Assets / (38.3 KB). Loaded Objects now: 4468.
Memory consumption went from 143.7 MB to 143.7 MB.
Total: 2.182100 ms (FindLiveObjects: 0.281300 ms CreateObjectMapping: 0.057500 ms MarkObjects: 1.789400 ms  DeleteObjects: 0.053000 ms)

Prepare: number of updated asset objects reloaded= 0
AssetImportParameters requested are different than current active one (requested -> active):
  custom:container-demuxer-ogg: 62fdf1f143b41e24485cea50d1cbac27 -> 
  custom:video-decoder-ogg-theora: a1e56fd34408186e4bbccfd4996cb3dc -> 
  custom:framework-win-MediaFoundation: 216162199b28c13a410421893ffa2e32 -> 
  custom:CustomObjectIndexerAttribute: 9a22284fe3817be447336de3de66b15e -> 
  custom:container-demuxer-webm: 4f35f7cbe854078d1ac9338744f61a02 -> 
  custom:container-muxer-webm: aa71ff27fc2769a1b78a27578f13a17b -> 
  custom:video-decoder-webm-vp8: 9c59270c3fd7afecdb556c50c9e8de78 -> 
  custom:SearchIndexIgnoredProperties: e643bd26f0fe6173181afceb89e7c659 -> 
  custom:AudioImporter_EditorPlatform: d09bf68614088b80899f8185d706f6e7 -> 
  custom:video-encoder-webm-vp8: eb34c28f22e8b96e1ab97ce403110664 -> 
  custom:audio-decoder-ogg-vorbis: bf7c407c2cedff20999df2af8eb42d56 -> 
  custom:audio-encoder-webm-vorbis: bf7c407c2cedff20999df2af8eb42d56 -> 
  custom:scripting/precompiled-assembly-types:Assembly-CSharp: 0aead23f532cc04b4d08aa2631584571 -> b7af8e27620098665de9fa658ac1471d
========================================================================
Received Prepare
Caller must complete domain reload
Begin MonoManager ReloadAssembly
Symbol file LoadedFromMemory is not a mono symbol file
- Loaded All Assemblies, in  0.575 seconds
Native extension for WindowsStandalone target not found
Native extension for Android target not found
Mono: successfully reloaded assembly
- Finished resetting the current domain, in  0.997 seconds
Domain Reload Profiling: 1566ms
	BeginReloadAssembly (174ms)
		ExecutionOrderSort (0ms)
		DisableScriptedObjects (2ms)
		BackupInstance (0ms)
		ReleaseScriptingObjects (0ms)
		CreateAndSetChildDomain (32ms)
	RebuildCommonClasses (28ms)
	RebuildNativeTypeToScriptingClass (8ms)
	initialDomainReloadingComplete (42ms)
	LoadAllAssembliesAndSetupDomain (318ms)
		LoadAssemblies (405ms)
		RebuildTransferFunctionScriptingTraits (0ms)
		AnalyzeDomain (24ms)
			TypeCache.Refresh (9ms)
				TypeCache.ScanAssembly (1ms)
			ScanForSourceGeneratedMonoScriptInfo (8ms)
			ResolveRequiredComponents (6ms)
	FinalizeReload (997ms)
		ReleaseScriptCaches (0ms)
		RebuildScriptCaches (0ms)
		SetupLoadedEditorAssemblies (426ms)
			LogAssemblyErrors (0ms)
			InitializePlatformSupportModulesInManaged (21ms)
			SetLoadedEditorAssemblies (4ms)
			RefreshPlugins (0ms)
			BeforeProcessingInitializeOnLoad (53ms)
			ProcessInitializeOnLoadAttributes (267ms)
			ProcessInitializeOnLoadMethodAttributes (27ms)
			AfterProcessingInitializeOnLoad (52ms)
			EditorAssembliesLoaded (0ms)
		ExecutionOrderSort2 (0ms)
		AwakeInstancesAfterBackupRestoration (7ms)
Script is not up to date after domain reload: guid(043601cc0739c4a42ae42b3c149688de) path("Assets/300.Scripts/305.UI/RoomPrefab.cs") state(2)
Refreshing native plugins compatible for Editor in 28.62 ms, found 10 plugins.
Preloading 0 native plugins for Editor in 0.00 ms.
Unloading 3930 Unused Serialized files (Serialized files now loaded: 0)
Unloading 42 unused Assets / (38.3 KB). Loaded Objects now: 4471.
Memory consumption went from 143.7 MB to 143.7 MB.
Total: 3.645500 ms (FindLiveObjects: 0.474100 ms CreateObjectMapping: 0.092100 ms MarkObjects: 3.002600 ms  DeleteObjects: 0.075600 ms)

Prepare: number of updated asset objects reloaded= 0
AssetImportParameters requested are different than current active one (requested -> active):
  custom:container-demuxer-ogg: 62fdf1f143b41e24485cea50d1cbac27 -> 
  custom:video-decoder-ogg-theora: a1e56fd34408186e4bbccfd4996cb3dc -> 
  custom:framework-win-MediaFoundation: 216162199b28c13a410421893ffa2e32 -> 
  custom:CustomObjectIndexerAttribute: 9a22284fe3817be447336de3de66b15e -> 
  custom:container-demuxer-webm: 4f35f7cbe854078d1ac9338744f61a02 -> 
  custom:container-muxer-webm: aa71ff27fc2769a1b78a27578f13a17b -> 
  custom:video-decoder-webm-vp8: 9c59270c3fd7afecdb556c50c9e8de78 -> 
  custom:SearchIndexIgnoredProperties: e643bd26f0fe6173181afceb89e7c659 -> 
  custom:AudioImporter_EditorPlatform: d09bf68614088b80899f8185d706f6e7 -> 
  custom:video-encoder-webm-vp8: eb34c28f22e8b96e1ab97ce403110664 -> 
  custom:audio-decoder-ogg-vorbis: bf7c407c2cedff20999df2af8eb42d56 -> 
  custom:audio-encoder-webm-vorbis: bf7c407c2cedff20999df2af8eb42d56 -> 
  custom:scripting/precompiled-assembly-types:Assembly-CSharp: 0aead23f532cc04b4d08aa2631584571 -> b7af8e27620098665de9fa658ac1471d
========================================================================
Received Prepare
Caller must complete domain reload
Begin MonoManager ReloadAssembly
Symbol file LoadedFromMemory is not a mono symbol file
- Loaded All Assemblies, in  0.549 seconds
Native extension for WindowsStandalone target not found
Native extension for Android target not found
Mono: successfully reloaded assembly
- Finished resetting the current domain, in  0.972 seconds
Domain Reload Profiling: 1514ms
	BeginReloadAssembly (140ms)
		ExecutionOrderSort (0ms)
		DisableScriptedObjects (2ms)
		BackupInstance (0ms)
		ReleaseScriptingObjects (0ms)
		CreateAndSetChildDomain (30ms)
	RebuildCommonClasses (26ms)
	RebuildNativeTypeToScriptingClass (10ms)
	initialDomainReloadingComplete (57ms)
	LoadAllAssembliesAndSetupDomain (310ms)
		LoadAssemblies (367ms)
		RebuildTransferFunctionScriptingTraits (0ms)
		AnalyzeDomain (21ms)
			TypeCache.Refresh (7ms)
				TypeCache.ScanAssembly (1ms)
			ScanForSourceGeneratedMonoScriptInfo (6ms)
			ResolveRequiredComponents (7ms)
	FinalizeReload (972ms)
		ReleaseScriptCaches (0ms)
		RebuildScriptCaches (0ms)
		SetupLoadedEditorAssemblies (405ms)
			LogAssemblyErrors (0ms)
			InitializePlatformSupportModulesInManaged (22ms)
			SetLoadedEditorAssemblies (4ms)
			RefreshPlugins (0ms)
			BeforeProcessingInitializeOnLoad (57ms)
			ProcessInitializeOnLoadAttributes (292ms)
			ProcessInitializeOnLoadMethodAttributes (20ms)
			AfterProcessingInitializeOnLoad (10ms)
			EditorAssembliesLoaded (0ms)
		ExecutionOrderSort2 (0ms)
		AwakeInstancesAfterBackupRestoration (6ms)
Refreshing native plugins compatible for Editor in 27.58 ms, found 10 plugins.
Preloading 0 native plugins for Editor in 0.00 ms.
Unloading 3931 Unused Serialized files (Serialized files now loaded: 0)
Unloading 42 unused Assets / (38.3 KB). Loaded Objects now: 4476.
Memory consumption went from 143.7 MB to 143.7 MB.
Total: 2.372300 ms (FindLiveObjects: 0.299000 ms CreateObjectMapping: 0.057200 ms MarkObjects: 1.940500 ms  DeleteObjects: 0.074900 ms)

Prepare: number of updated asset objects reloaded= 0
AssetImportParameters requested are different than current active one (requested -> active):
  custom:container-demuxer-ogg: 62fdf1f143b41e24485cea50d1cbac27 -> 
  custom:video-decoder-ogg-theora: a1e56fd34408186e4bbccfd4996cb3dc -> 
  custom:framework-win-MediaFoundation: 216162199b28c13a410421893ffa2e32 -> 
  custom:CustomObjectIndexerAttribute: 9a22284fe3817be447336de3de66b15e -> 
  custom:container-demuxer-webm: 4f35f7cbe854078d1ac9338744f61a02 -> 
  custom:container-muxer-webm: aa71ff27fc2769a1b78a27578f13a17b -> 
  custom:video-decoder-webm-vp8: 9c59270c3fd7afecdb556c50c9e8de78 -> 
  custom:SearchIndexIgnoredProperties: e643bd26f0fe6173181afceb89e7c659 -> 
  custom:AudioImporter_EditorPlatform: d09bf68614088b80899f8185d706f6e7 -> 
  custom:video-encoder-webm-vp8: eb34c28f22e8b96e1ab97ce403110664 -> 
  custom:audio-decoder-ogg-vorbis: bf7c407c2cedff20999df2af8eb42d56 -> 
  custom:audio-encoder-webm-vorbis: bf7c407c2cedff20999df2af8eb42d56 -> 
  custom:scripting/precompiled-assembly-types:Assembly-CSharp: 0aead23f532cc04b4d08aa2631584571 -> b7af8e27620098665de9fa658ac1471d
========================================================================
Received Prepare
Caller must complete domain reload
Begin MonoManager ReloadAssembly
Symbol file LoadedFromMemory is not a mono symbol file
- Loaded All Assemblies, in  0.521 seconds
Native extension for WindowsStandalone target not found
Native extension for Android target not found
Mono: successfully reloaded assembly
- Finished resetting the current domain, in  0.956 seconds
Domain Reload Profiling: 1471ms
	BeginReloadAssembly (141ms)
		ExecutionOrderSort (0ms)
		DisableScriptedObjects (3ms)
		BackupInstance (0ms)
		ReleaseScriptingObjects (0ms)
		CreateAndSetChildDomain (30ms)
	RebuildCommonClasses (25ms)
	RebuildNativeTypeToScriptingClass (9ms)
	initialDomainReloadingComplete (42ms)
	LoadAllAssembliesAndSetupDomain (298ms)
		LoadAssemblies (358ms)
		RebuildTransferFunctionScriptingTraits (0ms)
		AnalyzeDomain (20ms)
			TypeCache.Refresh (9ms)
				TypeCache.ScanAssembly (1ms)
			ScanForSourceGeneratedMonoScriptInfo (5ms)
			ResolveRequiredComponents (4ms)
	FinalizeReload (956ms)
		ReleaseScriptCaches (0ms)
		RebuildScriptCaches (0ms)
		SetupLoadedEditorAssemblies (378ms)
			LogAssemblyErrors (0ms)
			InitializePlatformSupportModulesInManaged (22ms)
			SetLoadedEditorAssemblies (4ms)
			RefreshPlugins (0ms)
			BeforeProcessingInitializeOnLoad (59ms)
			ProcessInitializeOnLoadAttributes (263ms)
			ProcessInitializeOnLoadMethodAttributes (17ms)
			AfterProcessingInitializeOnLoad (13ms)
			EditorAssembliesLoaded (0ms)
		ExecutionOrderSort2 (0ms)
		AwakeInstancesAfterBackupRestoration (5ms)
Refreshing native plugins compatible for Editor in 30.24 ms, found 10 plugins.
Preloading 0 native plugins for Editor in 0.00 ms.
Unloading 3931 Unused Serialized files (Serialized files now loaded: 0)
Unloading 42 unused Assets / (38.3 KB). Loaded Objects now: 4480.
Memory consumption went from 143.7 MB to 143.7 MB.
Total: 3.052300 ms (FindLiveObjects: 0.256100 ms CreateObjectMapping: 0.057100 ms MarkObjects: 2.679000 ms  DeleteObjects: 0.059000 ms)

Prepare: number of updated asset objects reloaded= 0
AssetImportParameters requested are different than current active one (requested -> active):
  custom:container-demuxer-ogg: 62fdf1f143b41e24485cea50d1cbac27 -> 
  custom:video-decoder-ogg-theora: a1e56fd34408186e4bbccfd4996cb3dc -> 
  custom:framework-win-MediaFoundation: 216162199b28c13a410421893ffa2e32 -> 
  custom:CustomObjectIndexerAttribute: 9a22284fe3817be447336de3de66b15e -> 
  custom:container-demuxer-webm: 4f35f7cbe854078d1ac9338744f61a02 -> 
  custom:container-muxer-webm: aa71ff27fc2769a1b78a27578f13a17b -> 
  custom:video-decoder-webm-vp8: 9c59270c3fd7afecdb556c50c9e8de78 -> 
  custom:SearchIndexIgnoredProperties: e643bd26f0fe6173181afceb89e7c659 -> 
  custom:AudioImporter_EditorPlatform: d09bf68614088b80899f8185d706f6e7 -> 
  custom:video-encoder-webm-vp8: eb34c28f22e8b96e1ab97ce403110664 -> 
  custom:audio-decoder-ogg-vorbis: bf7c407c2cedff20999df2af8eb42d56 -> 
  custom:audio-encoder-webm-vorbis: bf7c407c2cedff20999df2af8eb42d56 -> 
  custom:scripting/precompiled-assembly-types:Assembly-CSharp: 0aead23f532cc04b4d08aa2631584571 -> b7af8e27620098665de9fa658ac1471d
========================================================================
Received Prepare
Caller must complete domain reload
Begin MonoManager ReloadAssembly
Symbol file LoadedFromMemory is not a mono symbol file
- Loaded All Assemblies, in  0.568 seconds
Native extension for WindowsStandalone target not found
Native extension for Android target not found
Mono: successfully reloaded assembly
- Finished resetting the current domain, in  1.016 seconds
Domain Reload Profiling: 1579ms
	BeginReloadAssembly (150ms)
		ExecutionOrderSort (0ms)
		DisableScriptedObjects (3ms)
		BackupInstance (0ms)
		ReleaseScriptingObjects (0ms)
		CreateAndSetChildDomain (33ms)
	RebuildCommonClasses (24ms)
	RebuildNativeTypeToScriptingClass (8ms)
	initialDomainReloadingComplete (45ms)
	LoadAllAssembliesAndSetupDomain (336ms)
		LoadAssemblies (396ms)
		RebuildTransferFunctionScriptingTraits (0ms)
		AnalyzeDomain (22ms)
			TypeCache.Refresh (9ms)
				TypeCache.ScanAssembly (1ms)
			ScanForSourceGeneratedMonoScriptInfo (6ms)
			ResolveRequiredComponents (6ms)
	FinalizeReload (1017ms)
		ReleaseScriptCaches (0ms)
		RebuildScriptCaches (0ms)
		SetupLoadedEditorAssemblies (405ms)
			LogAssemblyErrors (0ms)
			InitializePlatformSupportModulesInManaged (23ms)
			SetLoadedEditorAssemblies (3ms)
			RefreshPlugins (0ms)
			BeforeProcessingInitializeOnLoad (66ms)
			ProcessInitializeOnLoadAttributes (281ms)
			ProcessInitializeOnLoadMethodAttributes (18ms)
			AfterProcessingInitializeOnLoad (13ms)
			EditorAssembliesLoaded (0ms)
		ExecutionOrderSort2 (0ms)
		AwakeInstancesAfterBackupRestoration (6ms)
Refreshing native plugins compatible for Editor in 30.82 ms, found 10 plugins.
Preloading 0 native plugins for Editor in 0.00 ms.
Unloading 3931 Unused Serialized files (Serialized files now loaded: 0)
Unloading 42 unused Assets / (38.3 KB). Loaded Objects now: 4484.
Memory consumption went from 143.8 MB to 143.7 MB.
Total: 2.287200 ms (FindLiveObjects: 0.242600 ms CreateObjectMapping: 0.052700 ms MarkObjects: 1.934800 ms  DeleteObjects: 0.056400 ms)

Prepare: number of updated asset objects reloaded= 0
AssetImportParameters requested are different than current active one (requested -> active):
  custom:container-demuxer-ogg: 62fdf1f143b41e24485cea50d1cbac27 -> 
  custom:video-decoder-ogg-theora: a1e56fd34408186e4bbccfd4996cb3dc -> 
  custom:framework-win-MediaFoundation: 216162199b28c13a410421893ffa2e32 -> 
  custom:CustomObjectIndexerAttribute: 9a22284fe3817be447336de3de66b15e -> 
  custom:container-demuxer-webm: 4f35f7cbe854078d1ac9338744f61a02 -> 
  custom:container-muxer-webm: aa71ff27fc2769a1b78a27578f13a17b -> 
  custom:video-decoder-webm-vp8: 9c59270c3fd7afecdb556c50c9e8de78 -> 
  custom:SearchIndexIgnoredProperties: e643bd26f0fe6173181afceb89e7c659 -> 
  custom:AudioImporter_EditorPlatform: d09bf68614088b80899f8185d706f6e7 -> 
  custom:video-encoder-webm-vp8: eb34c28f22e8b96e1ab97ce403110664 -> 
  custom:audio-decoder-ogg-vorbis: bf7c407c2cedff20999df2af8eb42d56 -> 
  custom:audio-encoder-webm-vorbis: bf7c407c2cedff20999df2af8eb42d56 -> 
  custom:scripting/precompiled-assembly-types:Assembly-CSharp: 0aead23f532cc04b4d08aa2631584571 -> b7af8e27620098665de9fa658ac1471d
========================================================================
Received Prepare
Caller must complete domain reload
Begin MonoManager ReloadAssembly
Symbol file LoadedFromMemory is not a mono symbol file
- Loaded All Assemblies, in  0.559 seconds
Native extension for WindowsStandalone target not found
Native extension for Android target not found
Mono: successfully reloaded assembly
- Finished resetting the current domain, in  0.994 seconds
Domain Reload Profiling: 1546ms
	BeginReloadAssembly (147ms)
		ExecutionOrderSort (0ms)
		DisableScriptedObjects (3ms)
		BackupInstance (0ms)
		ReleaseScriptingObjects (0ms)
		CreateAndSetChildDomain (31ms)
	RebuildCommonClasses (29ms)
	RebuildNativeTypeToScriptingClass (11ms)
	initialDomainReloadingComplete (44ms)
	LoadAllAssembliesAndSetupDomain (321ms)
		LoadAssemblies (382ms)
		RebuildTransferFunctionScriptingTraits (0ms)
		AnalyzeDomain (22ms)
			TypeCache.Refresh (9ms)
				TypeCache.ScanAssembly (1ms)
			ScanForSourceGeneratedMonoScriptInfo (6ms)
			ResolveRequiredComponents (6ms)
	FinalizeReload (994ms)
		ReleaseScriptCaches (0ms)
		RebuildScriptCaches (0ms)
		SetupLoadedEditorAssemblies (385ms)
			LogAssemblyErrors (0ms)
			InitializePlatformSupportModulesInManaged (24ms)
			SetLoadedEditorAssemblies (3ms)
			RefreshPlugins (0ms)
			BeforeProcessingInitializeOnLoad (57ms)
			ProcessInitializeOnLoadAttributes (272ms)
			ProcessInitializeOnLoadMethodAttributes (17ms)
			AfterProcessingInitializeOnLoad (11ms)
			EditorAssembliesLoaded (0ms)
		ExecutionOrderSort2 (0ms)
		AwakeInstancesAfterBackupRestoration (6ms)
Refreshing native plugins compatible for Editor in 30.02 ms, found 10 plugins.
Preloading 0 native plugins for Editor in 0.00 ms.
Unloading 3931 Unused Serialized files (Serialized files now loaded: 0)
Unloading 42 unused Assets / (38.4 KB). Loaded Objects now: 4488.
Memory consumption went from 143.8 MB to 143.7 MB.
Total: 2.927300 ms (FindLiveObjects: 0.450800 ms CreateObjectMapping: 0.091900 ms MarkObjects: 2.323300 ms  DeleteObjects: 0.060300 ms)

Prepare: number of updated asset objects reloaded= 0
AssetImportParameters requested are different than current active one (requested -> active):
  custom:container-demuxer-ogg: 62fdf1f143b41e24485cea50d1cbac27 -> 
  custom:video-decoder-ogg-theora: a1e56fd34408186e4bbccfd4996cb3dc -> 
  custom:framework-win-MediaFoundation: 216162199b28c13a410421893ffa2e32 -> 
  custom:CustomObjectIndexerAttribute: 9a22284fe3817be447336de3de66b15e -> 
  custom:container-demuxer-webm: 4f35f7cbe854078d1ac9338744f61a02 -> 
  custom:container-muxer-webm: aa71ff27fc2769a1b78a27578f13a17b -> 
  custom:video-decoder-webm-vp8: 9c59270c3fd7afecdb556c50c9e8de78 -> 
  custom:SearchIndexIgnoredProperties: e643bd26f0fe6173181afceb89e7c659 -> 
  custom:AudioImporter_EditorPlatform: d09bf68614088b80899f8185d706f6e7 -> 
  custom:video-encoder-webm-vp8: eb34c28f22e8b96e1ab97ce403110664 -> 
  custom:audio-decoder-ogg-vorbis: bf7c407c2cedff20999df2af8eb42d56 -> 
  custom:audio-encoder-webm-vorbis: bf7c407c2cedff20999df2af8eb42d56 -> 
  custom:scripting/precompiled-assembly-types:Assembly-CSharp: 9e36080394746a3a7c7ca0cda7bf474d -> b7af8e27620098665de9fa658ac1471d
========================================================================
Received Prepare
Caller must complete domain reload
Begin MonoManager ReloadAssembly
Symbol file LoadedFromMemory is not a mono symbol file
- Loaded All Assemblies, in  0.556 seconds
Native extension for WindowsStandalone target not found
Native extension for Android target not found
Mono: successfully reloaded assembly
- Finished resetting the current domain, in  1.014 seconds
Domain Reload Profiling: 1563ms
	BeginReloadAssembly (162ms)
		ExecutionOrderSort (0ms)
		DisableScriptedObjects (4ms)
		BackupInstance (0ms)
		ReleaseScriptingObjects (0ms)
		CreateAndSetChildDomain (35ms)
	RebuildCommonClasses (25ms)
	RebuildNativeTypeToScriptingClass (9ms)
	initialDomainReloadingComplete (41ms)
	LoadAllAssembliesAndSetupDomain (312ms)
		LoadAssemblies (378ms)
		RebuildTransferFunctionScriptingTraits (0ms)
		AnalyzeDomain (25ms)
			TypeCache.Refresh (8ms)
				TypeCache.ScanAssembly (1ms)
			ScanForSourceGeneratedMonoScriptInfo (9ms)
			ResolveRequiredComponents (6ms)
	FinalizeReload (1015ms)
		ReleaseScriptCaches (0ms)
		RebuildScriptCaches (0ms)
		SetupLoadedEditorAssemblies (396ms)
			LogAssemblyErrors (0ms)
			InitializePlatformSupportModulesInManaged (22ms)
			SetLoadedEditorAssemblies (4ms)
			RefreshPlugins (0ms)
			BeforeProcessingInitializeOnLoad (55ms)
			ProcessInitializeOnLoadAttributes (283ms)
			ProcessInitializeOnLoadMethodAttributes (22ms)
			AfterProcessingInitializeOnLoad (10ms)
			EditorAssembliesLoaded (0ms)
		ExecutionOrderSort2 (0ms)
		AwakeInstancesAfterBackupRestoration (5ms)
Refreshing native plugins compatible for Editor in 29.01 ms, found 10 plugins.
Preloading 0 native plugins for Editor in 0.00 ms.
Unloading 3931 Unused Serialized files (Serialized files now loaded: 0)
Unloading 42 unused Assets / (38.4 KB). Loaded Objects now: 4492.
Memory consumption went from 143.8 MB to 143.7 MB.
Total: 2.175600 ms (FindLiveObjects: 0.255300 ms CreateObjectMapping: 0.054700 ms MarkObjects: 1.815100 ms  DeleteObjects: 0.049800 ms)

Prepare: number of updated asset objects reloaded= 0
AssetImportParameters requested are different than current active one (requested -> active):
  custom:container-demuxer-ogg: 62fdf1f143b41e24485cea50d1cbac27 -> 
  custom:video-decoder-ogg-theora: a1e56fd34408186e4bbccfd4996cb3dc -> 
  custom:framework-win-MediaFoundation: 216162199b28c13a410421893ffa2e32 -> 
  custom:CustomObjectIndexerAttribute: 9a22284fe3817be447336de3de66b15e -> 
  custom:container-demuxer-webm: 4f35f7cbe854078d1ac9338744f61a02 -> 
  custom:container-muxer-webm: aa71ff27fc2769a1b78a27578f13a17b -> 
  custom:video-decoder-webm-vp8: 9c59270c3fd7afecdb556c50c9e8de78 -> 
  custom:SearchIndexIgnoredProperties: e643bd26f0fe6173181afceb89e7c659 -> 
  custom:AudioImporter_EditorPlatform: d09bf68614088b80899f8185d706f6e7 -> 
  custom:video-encoder-webm-vp8: eb34c28f22e8b96e1ab97ce403110664 -> 
  custom:audio-decoder-ogg-vorbis: bf7c407c2cedff20999df2af8eb42d56 -> 
  custom:audio-encoder-webm-vorbis: bf7c407c2cedff20999df2af8eb42d56 -> 
  custom:scripting/precompiled-assembly-types:Assembly-CSharp: c34e1dc54ca649c5e21e411fc030fd05 -> b7af8e27620098665de9fa658ac1471d
========================================================================
Received Prepare
Caller must complete domain reload
Begin MonoManager ReloadAssembly
Symbol file LoadedFromMemory is not a mono symbol file
- Loaded All Assemblies, in  0.626 seconds
Native extension for WindowsStandalone target not found
Native extension for Android target not found
Mono: successfully reloaded assembly
- Finished resetting the current domain, in  1.085 seconds
Domain Reload Profiling: 1703ms
	BeginReloadAssembly (185ms)
		ExecutionOrderSort (0ms)
		DisableScriptedObjects (4ms)
		BackupInstance (0ms)
		ReleaseScriptingObjects (0ms)
		CreateAndSetChildDomain (60ms)
	RebuildCommonClasses (27ms)
	RebuildNativeTypeToScriptingClass (10ms)
	initialDomainReloadingComplete (64ms)
	LoadAllAssembliesAndSetupDomain (332ms)
		LoadAssemblies (398ms)
		RebuildTransferFunctionScriptingTraits (0ms)
		AnalyzeDomain (21ms)
			TypeCache.Refresh (8ms)
				TypeCache.ScanAssembly (1ms)
			ScanForSourceGeneratedMonoScriptInfo (6ms)
			ResolveRequiredComponents (6ms)
	FinalizeReload (1085ms)
		ReleaseScriptCaches (0ms)
		RebuildScriptCaches (0ms)
		SetupLoadedEditorAssemblies (383ms)
			LogAssemblyErrors (0ms)
			InitializePlatformSupportModulesInManaged (27ms)
			SetLoadedEditorAssemblies (3ms)
			RefreshPlugins (0ms)
			BeforeProcessingInitializeOnLoad (67ms)
			ProcessInitializeOnLoadAttributes (255ms)
			ProcessInitializeOnLoadMethodAttributes (19ms)
			AfterProcessingInitializeOnLoad (11ms)
			EditorAssembliesLoaded (0ms)
		ExecutionOrderSort2 (0ms)
		AwakeInstancesAfterBackupRestoration (6ms)
Refreshing native plugins compatible for Editor in 30.04 ms, found 10 plugins.
Preloading 0 native plugins for Editor in 0.00 ms.
Unloading 3931 Unused Serialized files (Serialized files now loaded: 0)
Unloading 42 unused Assets / (38.3 KB). Loaded Objects now: 4496.
Memory consumption went from 143.8 MB to 143.7 MB.
Total: 3.861800 ms (FindLiveObjects: 0.635900 ms CreateObjectMapping: 0.158900 ms MarkObjects: 2.987000 ms  DeleteObjects: 0.078600 ms)

Prepare: number of updated asset objects reloaded= 0
AssetImportParameters requested are different than current active one (requested -> active):
  custom:container-demuxer-ogg: 62fdf1f143b41e24485cea50d1cbac27 -> 
  custom:video-decoder-ogg-theora: a1e56fd34408186e4bbccfd4996cb3dc -> 
  custom:framework-win-MediaFoundation: 216162199b28c13a410421893ffa2e32 -> 
  custom:CustomObjectIndexerAttribute: 9a22284fe3817be447336de3de66b15e -> 
  custom:container-demuxer-webm: 4f35f7cbe854078d1ac9338744f61a02 -> 
  custom:container-muxer-webm: aa71ff27fc2769a1b78a27578f13a17b -> 
  custom:video-decoder-webm-vp8: 9c59270c3fd7afecdb556c50c9e8de78 -> 
  custom:SearchIndexIgnoredProperties: e643bd26f0fe6173181afceb89e7c659 -> 
  custom:AudioImporter_EditorPlatform: d09bf68614088b80899f8185d706f6e7 -> 
  custom:video-encoder-webm-vp8: eb34c28f22e8b96e1ab97ce403110664 -> 
  custom:audio-decoder-ogg-vorbis: bf7c407c2cedff20999df2af8eb42d56 -> 
  custom:audio-encoder-webm-vorbis: bf7c407c2cedff20999df2af8eb42d56 -> 
  custom:scripting/precompiled-assembly-types:Assembly-CSharp: c34e1dc54ca649c5e21e411fc030fd05 -> b7af8e27620098665de9fa658ac1471d
========================================================================
Received Prepare
Caller must complete domain reload
Begin MonoManager ReloadAssembly
Symbol file LoadedFromMemory is not a mono symbol file
- Loaded All Assemblies, in  0.574 seconds
Native extension for WindowsStandalone target not found
Native extension for Android target not found
Mono: successfully reloaded assembly
- Finished resetting the current domain, in  1.077 seconds
Domain Reload Profiling: 1642ms
	BeginReloadAssembly (149ms)
		ExecutionOrderSort (0ms)
		DisableScriptedObjects (3ms)
		BackupInstance (0ms)
		ReleaseScriptingObjects (0ms)
		CreateAndSetChildDomain (34ms)
	RebuildCommonClasses (27ms)
	RebuildNativeTypeToScriptingClass (8ms)
	initialDomainReloadingComplete (49ms)
	LoadAllAssembliesAndSetupDomain (332ms)
		LoadAssemblies (391ms)
		RebuildTransferFunctionScriptingTraits (0ms)
		AnalyzeDomain (21ms)
			TypeCache.Refresh (7ms)
				TypeCache.ScanAssembly (1ms)
			ScanForSourceGeneratedMonoScriptInfo (7ms)
			ResolveRequiredComponents (6ms)
	FinalizeReload (1077ms)
		ReleaseScriptCaches (0ms)
		RebuildScriptCaches (0ms)
		SetupLoadedEditorAssemblies (410ms)
			LogAssemblyErrors (0ms)
			InitializePlatformSupportModulesInManaged (21ms)
			SetLoadedEditorAssemblies (3ms)
			RefreshPlugins (0ms)
			BeforeProcessingInitializeOnLoad (56ms)
			ProcessInitializeOnLoadAttributes (295ms)
			ProcessInitializeOnLoadMethodAttributes (20ms)
			AfterProcessingInitializeOnLoad (14ms)
			EditorAssembliesLoaded (0ms)
		ExecutionOrderSort2 (0ms)
		AwakeInstancesAfterBackupRestoration (12ms)
Script is not up to date after domain reload: guid(0a97f231c46523849a3303ce9d4e29ad) path("Assets/300.Scripts/305.UI/LobbyUIManager.cs") state(2)
Refreshing native plugins compatible for Editor in 33.12 ms, found 10 plugins.
Preloading 0 native plugins for Editor in 0.00 ms.
Unloading 3930 Unused Serialized files (Serialized files now loaded: 0)
Unloading 42 unused Assets / (38.4 KB). Loaded Objects now: 4499.
Memory consumption went from 143.8 MB to 143.7 MB.
Total: 2.627700 ms (FindLiveObjects: 0.286600 ms CreateObjectMapping: 0.055700 ms MarkObjects: 2.217500 ms  DeleteObjects: 0.067300 ms)

Prepare: number of updated asset objects reloaded= 0
AssetImportParameters requested are different than current active one (requested -> active):
  custom:container-demuxer-ogg: 62fdf1f143b41e24485cea50d1cbac27 -> 
  custom:video-decoder-ogg-theora: a1e56fd34408186e4bbccfd4996cb3dc -> 
  custom:framework-win-MediaFoundation: 216162199b28c13a410421893ffa2e32 -> 
  custom:CustomObjectIndexerAttribute: 9a22284fe3817be447336de3de66b15e -> 
  custom:container-demuxer-webm: 4f35f7cbe854078d1ac9338744f61a02 -> 
  custom:container-muxer-webm: aa71ff27fc2769a1b78a27578f13a17b -> 
  custom:video-decoder-webm-vp8: 9c59270c3fd7afecdb556c50c9e8de78 -> 
  custom:SearchIndexIgnoredProperties: e643bd26f0fe6173181afceb89e7c659 -> 
  custom:AudioImporter_EditorPlatform: d09bf68614088b80899f8185d706f6e7 -> 
  custom:video-encoder-webm-vp8: eb34c28f22e8b96e1ab97ce403110664 -> 
  custom:audio-decoder-ogg-vorbis: bf7c407c2cedff20999df2af8eb42d56 -> 
  custom:audio-encoder-webm-vorbis: bf7c407c2cedff20999df2af8eb42d56 -> 
  custom:scripting/precompiled-assembly-types:Assembly-CSharp: c34e1dc54ca649c5e21e411fc030fd05 -> b7af8e27620098665de9fa658ac1471d
========================================================================
Received Prepare
Caller must complete domain reload
Begin MonoManager ReloadAssembly
Symbol file LoadedFromMemory is not a mono symbol file
- Loaded All Assemblies, in  0.557 seconds
Native extension for WindowsStandalone target not found
Native extension for Android target not found
Mono: successfully reloaded assembly
- Finished resetting the current domain, in  0.977 seconds
Domain Reload Profiling: 1527ms
	BeginReloadAssembly (161ms)
		ExecutionOrderSort (0ms)
		DisableScriptedObjects (2ms)
		BackupInstance (0ms)
		ReleaseScriptingObjects (0ms)
		CreateAndSetChildDomain (33ms)
	RebuildCommonClasses (26ms)
	RebuildNativeTypeToScriptingClass (8ms)
	initialDomainReloadingComplete (46ms)
	LoadAllAssembliesAndSetupDomain (309ms)
		LoadAssemblies (384ms)
		RebuildTransferFunctionScriptingTraits (0ms)
		AnalyzeDomain (21ms)
			TypeCache.Refresh (7ms)
				TypeCache.ScanAssembly (1ms)
			ScanForSourceGeneratedMonoScriptInfo (6ms)
			ResolveRequiredComponents (7ms)
	FinalizeReload (977ms)
		ReleaseScriptCaches (0ms)
		RebuildScriptCaches (0ms)
		SetupLoadedEditorAssemblies (358ms)
			LogAssemblyErrors (0ms)
			InitializePlatformSupportModulesInManaged (23ms)
			SetLoadedEditorAssemblies (4ms)
			RefreshPlugins (0ms)
			BeforeProcessingInitializeOnLoad (54ms)
			ProcessInitializeOnLoadAttributes (252ms)
			ProcessInitializeOnLoadMethodAttributes (15ms)
			AfterProcessingInitializeOnLoad (10ms)
			EditorAssembliesLoaded (0ms)
		ExecutionOrderSort2 (0ms)
		AwakeInstancesAfterBackupRestoration (5ms)
Refreshing native plugins compatible for Editor in 37.23 ms, found 10 plugins.
Preloading 0 native plugins for Editor in 0.00 ms.
Unloading 3931 Unused Serialized files (Serialized files now loaded: 0)
Unloading 42 unused Assets / (38.4 KB). Loaded Objects now: 4504.
Memory consumption went from 143.8 MB to 143.8 MB.
Total: 3.038800 ms (FindLiveObjects: 0.409200 ms CreateObjectMapping: 0.058000 ms MarkObjects: 2.512400 ms  DeleteObjects: 0.058600 ms)

Prepare: number of updated asset objects reloaded= 0
AssetImportParameters requested are different than current active one (requested -> active):
  custom:container-demuxer-ogg: 62fdf1f143b41e24485cea50d1cbac27 -> 
  custom:video-decoder-ogg-theora: a1e56fd34408186e4bbccfd4996cb3dc -> 
  custom:framework-win-MediaFoundation: 216162199b28c13a410421893ffa2e32 -> 
  custom:CustomObjectIndexerAttribute: 9a22284fe3817be447336de3de66b15e -> 
  custom:container-demuxer-webm: 4f35f7cbe854078d1ac9338744f61a02 -> 
  custom:container-muxer-webm: aa71ff27fc2769a1b78a27578f13a17b -> 
  custom:video-decoder-webm-vp8: 9c59270c3fd7afecdb556c50c9e8de78 -> 
  custom:SearchIndexIgnoredProperties: e643bd26f0fe6173181afceb89e7c659 -> 
  custom:AudioImporter_EditorPlatform: d09bf68614088b80899f8185d706f6e7 -> 
  custom:video-encoder-webm-vp8: eb34c28f22e8b96e1ab97ce403110664 -> 
  custom:audio-decoder-ogg-vorbis: bf7c407c2cedff20999df2af8eb42d56 -> 
  custom:audio-encoder-webm-vorbis: bf7c407c2cedff20999df2af8eb42d56 -> 
  custom:scripting/precompiled-assembly-types:Assembly-CSharp: c34e1dc54ca649c5e21e411fc030fd05 -> b7af8e27620098665de9fa658ac1471d
========================================================================
Received Prepare
Caller must complete domain reload
Begin MonoManager ReloadAssembly
Symbol file LoadedFromMemory is not a mono symbol file
- Loaded All Assemblies, in  0.581 seconds
Native extension for WindowsStandalone target not found
Native extension for Android target not found
Mono: successfully reloaded assembly
- Finished resetting the current domain, in  1.055 seconds
Domain Reload Profiling: 1629ms
	BeginReloadAssembly (149ms)
		ExecutionOrderSort (0ms)
		DisableScriptedObjects (2ms)
		BackupInstance (0ms)
		ReleaseScriptingObjects (0ms)
		CreateAndSetChildDomain (33ms)
	RebuildCommonClasses (27ms)
	RebuildNativeTypeToScriptingClass (7ms)
	initialDomainReloadingComplete (46ms)
	LoadAllAssembliesAndSetupDomain (345ms)
		LoadAssemblies (404ms)
		RebuildTransferFunctionScriptingTraits (0ms)
		AnalyzeDomain (22ms)
			TypeCache.Refresh (8ms)
				TypeCache.ScanAssembly (1ms)
			ScanForSourceGeneratedMonoScriptInfo (8ms)
			ResolveRequiredComponents (5ms)
	FinalizeReload (1055ms)
		ReleaseScriptCaches (0ms)
		RebuildScriptCaches (0ms)
		SetupLoadedEditorAssemblies (392ms)
			LogAssemblyErrors (0ms)
			InitializePlatformSupportModulesInManaged (26ms)
			SetLoadedEditorAssemblies (4ms)
			RefreshPlugins (0ms)
			BeforeProcessingInitializeOnLoad (73ms)
			ProcessInitializeOnLoadAttributes (263ms)
			ProcessInitializeOnLoadMethodAttributes (16ms)
			AfterProcessingInitializeOnLoad (10ms)
			EditorAssembliesLoaded (0ms)
		ExecutionOrderSort2 (0ms)
		AwakeInstancesAfterBackupRestoration (5ms)
Refreshing native plugins compatible for Editor in 31.04 ms, found 10 plugins.
Preloading 0 native plugins for Editor in 0.00 ms.
Unloading 3931 Unused Serialized files (Serialized files now loaded: 0)
Unloading 42 unused Assets / (38.3 KB). Loaded Objects now: 4508.
Memory consumption went from 143.8 MB to 143.8 MB.
Total: 2.486000 ms (FindLiveObjects: 0.417300 ms CreateObjectMapping: 0.062500 ms MarkObjects: 1.940200 ms  DeleteObjects: 0.065200 ms)

Prepare: number of updated asset objects reloaded= 0
AssetImportParameters requested are different than current active one (requested -> active):
  custom:container-demuxer-ogg: 62fdf1f143b41e24485cea50d1cbac27 -> 
  custom:video-decoder-ogg-theora: a1e56fd34408186e4bbccfd4996cb3dc -> 
  custom:framework-win-MediaFoundation: 216162199b28c13a410421893ffa2e32 -> 
  custom:CustomObjectIndexerAttribute: 9a22284fe3817be447336de3de66b15e -> 
  custom:container-demuxer-webm: 4f35f7cbe854078d1ac9338744f61a02 -> 
  custom:container-muxer-webm: aa71ff27fc2769a1b78a27578f13a17b -> 
  custom:video-decoder-webm-vp8: 9c59270c3fd7afecdb556c50c9e8de78 -> 
  custom:SearchIndexIgnoredProperties: e643bd26f0fe6173181afceb89e7c659 -> 
  custom:AudioImporter_EditorPlatform: d09bf68614088b80899f8185d706f6e7 -> 
  custom:video-encoder-webm-vp8: eb34c28f22e8b96e1ab97ce403110664 -> 
  custom:audio-decoder-ogg-vorbis: bf7c407c2cedff20999df2af8eb42d56 -> 
  custom:audio-encoder-webm-vorbis: bf7c407c2cedff20999df2af8eb42d56 -> 
  custom:scripting/precompiled-assembly-types:Assembly-CSharp: c34e1dc54ca649c5e21e411fc030fd05 -> b7af8e27620098665de9fa658ac1471d
========================================================================
Received Prepare
Caller must complete domain reload
Begin MonoManager ReloadAssembly
Symbol file LoadedFromMemory is not a mono symbol file
- Loaded All Assemblies, in  0.506 seconds
Native extension for WindowsStandalone target not found
Native extension for Android target not found
Mono: successfully reloaded assembly
- Finished resetting the current domain, in  0.964 seconds
Domain Reload Profiling: 1465ms
	BeginReloadAssembly (136ms)
		ExecutionOrderSort (0ms)
		DisableScriptedObjects (3ms)
		BackupInstance (0ms)
		ReleaseScriptingObjects (0ms)
		CreateAndSetChildDomain (28ms)
	RebuildCommonClasses (22ms)
	RebuildNativeTypeToScriptingClass (7ms)
	initialDomainReloadingComplete (39ms)
	LoadAllAssembliesAndSetupDomain (297ms)
		LoadAssemblies (354ms)
		RebuildTransferFunctionScriptingTraits (0ms)
		AnalyzeDomain (21ms)
			TypeCache.Refresh (8ms)
				TypeCache.ScanAssembly (1ms)
			ScanForSourceGeneratedMonoScriptInfo (7ms)
			ResolveRequiredComponents (5ms)
	FinalizeReload (965ms)
		ReleaseScriptCaches (0ms)
		RebuildScriptCaches (0ms)
		SetupLoadedEditorAssemblies (389ms)
			LogAssemblyErrors (0ms)
			InitializePlatformSupportModulesInManaged (21ms)
			SetLoadedEditorAssemblies (3ms)
			RefreshPlugins (0ms)
			BeforeProcessingInitializeOnLoad (58ms)
			ProcessInitializeOnLoadAttributes (279ms)
			ProcessInitializeOnLoadMethodAttributes (17ms)
			AfterProcessingInitializeOnLoad (11ms)
			EditorAssembliesLoaded (0ms)
		ExecutionOrderSort2 (0ms)
		AwakeInstancesAfterBackupRestoration (6ms)
Refreshing native plugins compatible for Editor in 31.11 ms, found 10 plugins.
Preloading 0 native plugins for Editor in 0.00 ms.
Unloading 3931 Unused Serialized files (Serialized files now loaded: 0)
Unloading 42 unused Assets / (38.4 KB). Loaded Objects now: 4512.
Memory consumption went from 143.8 MB to 143.8 MB.
Total: 2.234000 ms (FindLiveObjects: 0.304900 ms CreateObjectMapping: 0.056600 ms MarkObjects: 1.817900 ms  DeleteObjects: 0.053700 ms)

Prepare: number of updated asset objects reloaded= 0
AssetImportParameters requested are different than current active one (requested -> active):
  custom:container-demuxer-ogg: 62fdf1f143b41e24485cea50d1cbac27 -> 
  custom:video-decoder-ogg-theora: a1e56fd34408186e4bbccfd4996cb3dc -> 
  custom:framework-win-MediaFoundation: 216162199b28c13a410421893ffa2e32 -> 
  custom:CustomObjectIndexerAttribute: 9a22284fe3817be447336de3de66b15e -> 
  custom:container-demuxer-webm: 4f35f7cbe854078d1ac9338744f61a02 -> 
  custom:container-muxer-webm: aa71ff27fc2769a1b78a27578f13a17b -> 
  custom:video-decoder-webm-vp8: 9c59270c3fd7afecdb556c50c9e8de78 -> 
  custom:SearchIndexIgnoredProperties: e643bd26f0fe6173181afceb89e7c659 -> 
  custom:AudioImporter_EditorPlatform: d09bf68614088b80899f8185d706f6e7 -> 
  custom:video-encoder-webm-vp8: eb34c28f22e8b96e1ab97ce403110664 -> 
  custom:audio-decoder-ogg-vorbis: bf7c407c2cedff20999df2af8eb42d56 -> 
  custom:audio-encoder-webm-vorbis: bf7c407c2cedff20999df2af8eb42d56 -> 
  custom:scripting/precompiled-assembly-types:Assembly-CSharp: c34e1dc54ca649c5e21e411fc030fd05 -> b7af8e27620098665de9fa658ac1471d
========================================================================
Received Prepare
Caller must complete domain reload
Begin MonoManager ReloadAssembly
Symbol file LoadedFromMemory is not a mono symbol file
- Loaded All Assemblies, in  0.537 seconds
Native extension for WindowsStandalone target not found
Native extension for Android target not found
Mono: successfully reloaded assembly
- Finished resetting the current domain, in  0.988 seconds
Domain Reload Profiling: 1520ms
	BeginReloadAssembly (139ms)
		ExecutionOrderSort (0ms)
		DisableScriptedObjects (2ms)
		BackupInstance (0ms)
		ReleaseScriptingObjects (0ms)
		CreateAndSetChildDomain (31ms)
	RebuildCommonClasses (26ms)
	RebuildNativeTypeToScriptingClass (10ms)
	initialDomainReloadingComplete (44ms)
	LoadAllAssembliesAndSetupDomain (313ms)
		LoadAssemblies (368ms)
		RebuildTransferFunctionScriptingTraits (0ms)
		AnalyzeDomain (20ms)
			TypeCache.Refresh (8ms)
				TypeCache.ScanAssembly (1ms)
			ScanForSourceGeneratedMonoScriptInfo (7ms)
			ResolveRequiredComponents (5ms)
	FinalizeReload (989ms)
		ReleaseScriptCaches (0ms)
		RebuildScriptCaches (0ms)
		SetupLoadedEditorAssemblies (381ms)
			LogAssemblyErrors (0ms)
			InitializePlatformSupportModulesInManaged (24ms)
			SetLoadedEditorAssemblies (4ms)
			RefreshPlugins (0ms)
			BeforeProcessingInitializeOnLoad (59ms)
			ProcessInitializeOnLoadAttributes (264ms)
			ProcessInitializeOnLoadMethodAttributes (18ms)
			AfterProcessingInitializeOnLoad (12ms)
			EditorAssembliesLoaded (0ms)
		ExecutionOrderSort2 (0ms)
		AwakeInstancesAfterBackupRestoration (5ms)
Refreshing native plugins compatible for Editor in 29.33 ms, found 10 plugins.
Preloading 0 native plugins for Editor in 0.00 ms.
Unloading 3931 Unused Serialized files (Serialized files now loaded: 0)
Unloading 42 unused Assets / (38.3 KB). Loaded Objects now: 4516.
Memory consumption went from 143.8 MB to 143.8 MB.
Total: 3.294500 ms (FindLiveObjects: 0.405800 ms CreateObjectMapping: 0.082900 ms MarkObjects: 2.735500 ms  DeleteObjects: 0.069400 ms)

Prepare: number of updated asset objects reloaded= 0
AssetImportParameters requested are different than current active one (requested -> active):
  custom:container-demuxer-ogg: 62fdf1f143b41e24485cea50d1cbac27 -> 
  custom:video-decoder-ogg-theora: a1e56fd34408186e4bbccfd4996cb3dc -> 
  custom:framework-win-MediaFoundation: 216162199b28c13a410421893ffa2e32 -> 
  custom:CustomObjectIndexerAttribute: 9a22284fe3817be447336de3de66b15e -> 
  custom:container-demuxer-webm: 4f35f7cbe854078d1ac9338744f61a02 -> 
  custom:container-muxer-webm: aa71ff27fc2769a1b78a27578f13a17b -> 
  custom:video-decoder-webm-vp8: 9c59270c3fd7afecdb556c50c9e8de78 -> 
  custom:SearchIndexIgnoredProperties: e643bd26f0fe6173181afceb89e7c659 -> 
  custom:AudioImporter_EditorPlatform: d09bf68614088b80899f8185d706f6e7 -> 
  custom:video-encoder-webm-vp8: eb34c28f22e8b96e1ab97ce403110664 -> 
  custom:audio-decoder-ogg-vorbis: bf7c407c2cedff20999df2af8eb42d56 -> 
  custom:audio-encoder-webm-vorbis: bf7c407c2cedff20999df2af8eb42d56 -> 
  custom:scripting/precompiled-assembly-types:Assembly-CSharp: c34e1dc54ca649c5e21e411fc030fd05 -> b7af8e27620098665de9fa658ac1471d
========================================================================
Received Prepare
Caller must complete domain reload
Begin MonoManager ReloadAssembly
Symbol file LoadedFromMemory is not a mono symbol file
- Loaded All Assemblies, in  0.617 seconds
Native extension for WindowsStandalone target not found
Native extension for Android target not found
Mono: successfully reloaded assembly
- Finished resetting the current domain, in  0.987 seconds
Domain Reload Profiling: 1598ms
	BeginReloadAssembly (163ms)
		ExecutionOrderSort (0ms)
		DisableScriptedObjects (3ms)
		BackupInstance (0ms)
		ReleaseScriptingObjects (0ms)
		CreateAndSetChildDomain (40ms)
	RebuildCommonClasses (41ms)
	RebuildNativeTypeToScriptingClass (15ms)
	initialDomainReloadingComplete (43ms)
	LoadAllAssembliesAndSetupDomain (348ms)
		LoadAssemblies (416ms)
		RebuildTransferFunctionScriptingTraits (0ms)
		AnalyzeDomain (22ms)
			TypeCache.Refresh (8ms)
				TypeCache.ScanAssembly (1ms)
			ScanForSourceGeneratedMonoScriptInfo (6ms)
			ResolveRequiredComponents (7ms)
	FinalizeReload (988ms)
		ReleaseScriptCaches (0ms)
		RebuildScriptCaches (0ms)
		SetupLoadedEditorAssemblies (362ms)
			LogAssemblyErrors (0ms)
			InitializePlatformSupportModulesInManaged (19ms)
			SetLoadedEditorAssemblies (3ms)
			RefreshPlugins (0ms)
			BeforeProcessingInitializeOnLoad (57ms)
			ProcessInitializeOnLoadAttributes (255ms)
			ProcessInitializeOnLoadMethodAttributes (18ms)
			AfterProcessingInitializeOnLoad (11ms)
			EditorAssembliesLoaded (0ms)
		ExecutionOrderSort2 (0ms)
		AwakeInstancesAfterBackupRestoration (5ms)
Refreshing native plugins compatible for Editor in 25.99 ms, found 10 plugins.
Preloading 0 native plugins for Editor in 0.00 ms.
Unloading 3931 Unused Serialized files (Serialized files now loaded: 0)
Unloading 42 unused Assets / (38.4 KB). Loaded Objects now: 4520.
Memory consumption went from 143.8 MB to 143.8 MB.
Total: 2.695000 ms (FindLiveObjects: 0.297600 ms CreateObjectMapping: 0.056000 ms MarkObjects: 2.266800 ms  DeleteObjects: 0.073800 ms)

Prepare: number of updated asset objects reloaded= 0
AssetImportParameters requested are different than current active one (requested -> active):
  custom:container-demuxer-ogg: 62fdf1f143b41e24485cea50d1cbac27 -> 
  custom:video-decoder-ogg-theora: a1e56fd34408186e4bbccfd4996cb3dc -> 
  custom:framework-win-MediaFoundation: 216162199b28c13a410421893ffa2e32 -> 
  custom:CustomObjectIndexerAttribute: 9a22284fe3817be447336de3de66b15e -> 
  custom:container-demuxer-webm: 4f35f7cbe854078d1ac9338744f61a02 -> 
  custom:container-muxer-webm: aa71ff27fc2769a1b78a27578f13a17b -> 
  custom:video-decoder-webm-vp8: 9c59270c3fd7afecdb556c50c9e8de78 -> 
  custom:SearchIndexIgnoredProperties: e643bd26f0fe6173181afceb89e7c659 -> 
  custom:AudioImporter_EditorPlatform: d09bf68614088b80899f8185d706f6e7 -> 
  custom:video-encoder-webm-vp8: eb34c28f22e8b96e1ab97ce403110664 -> 
  custom:audio-decoder-ogg-vorbis: bf7c407c2cedff20999df2af8eb42d56 -> 
  custom:audio-encoder-webm-vorbis: bf7c407c2cedff20999df2af8eb42d56 -> 
  custom:scripting/precompiled-assembly-types:Assembly-CSharp: a81e85e2c4be3c0350a77c5da53087f4 -> b7af8e27620098665de9fa658ac1471d
========================================================================
Received Prepare
Caller must complete domain reload
Begin MonoManager ReloadAssembly
Symbol file LoadedFromMemory is not a mono symbol file
- Loaded All Assemblies, in  0.538 seconds
Native extension for WindowsStandalone target not found
Native extension for Android target not found
Mono: successfully reloaded assembly
- Finished resetting the current domain, in  0.930 seconds
Domain Reload Profiling: 1463ms
	BeginReloadAssembly (143ms)
		ExecutionOrderSort (0ms)
		DisableScriptedObjects (2ms)
		BackupInstance (0ms)
		ReleaseScriptingObjects (0ms)
		CreateAndSetChildDomain (30ms)
	RebuildCommonClasses (27ms)
	RebuildNativeTypeToScriptingClass (8ms)
	initialDomainReloadingComplete (42ms)
	LoadAllAssembliesAndSetupDomain (313ms)
		LoadAssemblies (371ms)
		RebuildTransferFunctionScriptingTraits (0ms)
		AnalyzeDomain (21ms)
			TypeCache.Refresh (8ms)
				TypeCache.ScanAssembly (1ms)
			ScanForSourceGeneratedMonoScriptInfo (7ms)
			ResolveRequiredComponents (5ms)
	FinalizeReload (930ms)
		ReleaseScriptCaches (0ms)
		RebuildScriptCaches (0ms)
		SetupLoadedEditorAssemblies (360ms)
			LogAssemblyErrors (0ms)
			InitializePlatformSupportModulesInManaged (21ms)
			SetLoadedEditorAssemblies (3ms)
			RefreshPlugins (0ms)
			BeforeProcessingInitializeOnLoad (55ms)
			ProcessInitializeOnLoadAttributes (255ms)
			ProcessInitializeOnLoadMethodAttributes (16ms)
			AfterProcessingInitializeOnLoad (10ms)
			EditorAssembliesLoaded (0ms)
		ExecutionOrderSort2 (0ms)
		AwakeInstancesAfterBackupRestoration (6ms)
Refreshing native plugins compatible for Editor in 27.32 ms, found 10 plugins.
Preloading 0 native plugins for Editor in 0.00 ms.
Unloading 3931 Unused Serialized files (Serialized files now loaded: 0)
Unloading 42 unused Assets / (38.3 KB). Loaded Objects now: 4524.
Memory consumption went from 143.8 MB to 143.8 MB.
Total: 2.516600 ms (FindLiveObjects: 0.484200 ms CreateObjectMapping: 0.093500 ms MarkObjects: 1.880500 ms  DeleteObjects: 0.057600 ms)

Prepare: number of updated asset objects reloaded= 0
AssetImportParameters requested are different than current active one (requested -> active):
  custom:container-demuxer-ogg: 62fdf1f143b41e24485cea50d1cbac27 -> 
  custom:video-decoder-ogg-theora: a1e56fd34408186e4bbccfd4996cb3dc -> 
  custom:framework-win-MediaFoundation: 216162199b28c13a410421893ffa2e32 -> 
  custom:CustomObjectIndexerAttribute: 9a22284fe3817be447336de3de66b15e -> 
  custom:container-demuxer-webm: 4f35f7cbe854078d1ac9338744f61a02 -> 
  custom:container-muxer-webm: aa71ff27fc2769a1b78a27578f13a17b -> 
  custom:video-decoder-webm-vp8: 9c59270c3fd7afecdb556c50c9e8de78 -> 
  custom:SearchIndexIgnoredProperties: e643bd26f0fe6173181afceb89e7c659 -> 
  custom:AudioImporter_EditorPlatform: d09bf68614088b80899f8185d706f6e7 -> 
  custom:video-encoder-webm-vp8: eb34c28f22e8b96e1ab97ce403110664 -> 
  custom:audio-decoder-ogg-vorbis: bf7c407c2cedff20999df2af8eb42d56 -> 
  custom:audio-encoder-webm-vorbis: bf7c407c2cedff20999df2af8eb42d56 -> 
  custom:scripting/precompiled-assembly-types:Assembly-CSharp: a81e85e2c4be3c0350a77c5da53087f4 -> b7af8e27620098665de9fa658ac1471d
========================================================================
Received Prepare
Caller must complete domain reload
Begin MonoManager ReloadAssembly
Symbol file LoadedFromMemory is not a mono symbol file
- Loaded All Assemblies, in  0.588 seconds
Native extension for WindowsStandalone target not found
Native extension for Android target not found
Mono: successfully reloaded assembly
- Finished resetting the current domain, in  0.990 seconds
Domain Reload Profiling: 1571ms
	BeginReloadAssembly (154ms)
		ExecutionOrderSort (0ms)
		DisableScriptedObjects (3ms)
		BackupInstance (0ms)
		ReleaseScriptingObjects (0ms)
		CreateAndSetChildDomain (33ms)
	RebuildCommonClasses (28ms)
	RebuildNativeTypeToScriptingClass (8ms)
	initialDomainReloadingComplete (47ms)
	LoadAllAssembliesAndSetupDomain (344ms)
		LoadAssemblies (406ms)
		RebuildTransferFunctionScriptingTraits (0ms)
		AnalyzeDomain (24ms)
			TypeCache.Refresh (9ms)
				TypeCache.ScanAssembly (1ms)
			ScanForSourceGeneratedMonoScriptInfo (7ms)
			ResolveRequiredComponents (6ms)
	FinalizeReload (990ms)
		ReleaseScriptCaches (0ms)
		RebuildScriptCaches (0ms)
		SetupLoadedEditorAssemblies (386ms)
			LogAssemblyErrors (0ms)
			InitializePlatformSupportModulesInManaged (22ms)
			SetLoadedEditorAssemblies (4ms)
			RefreshPlugins (0ms)
			BeforeProcessingInitializeOnLoad (60ms)
			ProcessInitializeOnLoadAttributes (270ms)
			ProcessInitializeOnLoadMethodAttributes (18ms)
			AfterProcessingInitializeOnLoad (11ms)
			EditorAssembliesLoaded (0ms)
		ExecutionOrderSort2 (0ms)
		AwakeInstancesAfterBackupRestoration (6ms)
Refreshing native plugins compatible for Editor in 36.17 ms, found 10 plugins.
Preloading 0 native plugins for Editor in 0.00 ms.
Unloading 3931 Unused Serialized files (Serialized files now loaded: 0)
Unloading 42 unused Assets / (38.4 KB). Loaded Objects now: 4528.
Memory consumption went from 143.8 MB to 143.8 MB.
Total: 3.496700 ms (FindLiveObjects: 0.467800 ms CreateObjectMapping: 0.097100 ms MarkObjects: 2.862100 ms  DeleteObjects: 0.068700 ms)

Prepare: number of updated asset objects reloaded= 0
AssetImportParameters requested are different than current active one (requested -> active):
  custom:container-demuxer-ogg: 62fdf1f143b41e24485cea50d1cbac27 -> 
  custom:video-decoder-ogg-theora: a1e56fd34408186e4bbccfd4996cb3dc -> 
  custom:framework-win-MediaFoundation: 216162199b28c13a410421893ffa2e32 -> 
  custom:CustomObjectIndexerAttribute: 9a22284fe3817be447336de3de66b15e -> 
  custom:container-demuxer-webm: 4f35f7cbe854078d1ac9338744f61a02 -> 
  custom:container-muxer-webm: aa71ff27fc2769a1b78a27578f13a17b -> 
  custom:video-decoder-webm-vp8: 9c59270c3fd7afecdb556c50c9e8de78 -> 
  custom:SearchIndexIgnoredProperties: e643bd26f0fe6173181afceb89e7c659 -> 
  custom:AudioImporter_EditorPlatform: d09bf68614088b80899f8185d706f6e7 -> 
  custom:video-encoder-webm-vp8: eb34c28f22e8b96e1ab97ce403110664 -> 
  custom:audio-decoder-ogg-vorbis: bf7c407c2cedff20999df2af8eb42d56 -> 
  custom:audio-encoder-webm-vorbis: bf7c407c2cedff20999df2af8eb42d56 -> 
  custom:scripting/precompiled-assembly-types:Assembly-CSharp: a81e85e2c4be3c0350a77c5da53087f4 -> b7af8e27620098665de9fa658ac1471d
========================================================================
Received Prepare
Caller must complete domain reload
Begin MonoManager ReloadAssembly
Symbol file LoadedFromMemory is not a mono symbol file
- Loaded All Assemblies, in  0.525 seconds
Native extension for WindowsStandalone target not found
Native extension for Android target not found
Mono: successfully reloaded assembly
- Finished resetting the current domain, in  1.085 seconds
Domain Reload Profiling: 1605ms
	BeginReloadAssembly (142ms)
		ExecutionOrderSort (0ms)
		DisableScriptedObjects (2ms)
		BackupInstance (0ms)
		ReleaseScriptingObjects (0ms)
		CreateAndSetChildDomain (33ms)
	RebuildCommonClasses (24ms)
	RebuildNativeTypeToScriptingClass (7ms)
	initialDomainReloadingComplete (43ms)
	LoadAllAssembliesAndSetupDomain (303ms)
		LoadAssemblies (362ms)
		RebuildTransferFunctionScriptingTraits (0ms)
		AnalyzeDomain (19ms)
			TypeCache.Refresh (7ms)
				TypeCache.ScanAssembly (1ms)
			ScanForSourceGeneratedMonoScriptInfo (5ms)
			ResolveRequiredComponents (5ms)
	FinalizeReload (1085ms)
		ReleaseScriptCaches (0ms)
		RebuildScriptCaches (0ms)
		SetupLoadedEditorAssemblies (399ms)
			LogAssemblyErrors (0ms)
			InitializePlatformSupportModulesInManaged (25ms)
			SetLoadedEditorAssemblies (3ms)
			RefreshPlugins (0ms)
			BeforeProcessingInitializeOnLoad (56ms)
			ProcessInitializeOnLoadAttributes (285ms)
			ProcessInitializeOnLoadMethodAttributes (20ms)
			AfterProcessingInitializeOnLoad (11ms)
			EditorAssembliesLoaded (0ms)
		ExecutionOrderSort2 (0ms)
		AwakeInstancesAfterBackupRestoration (5ms)
Refreshing native plugins compatible for Editor in 28.11 ms, found 10 plugins.
Preloading 0 native plugins for Editor in 0.00 ms.
Unloading 3931 Unused Serialized files (Serialized files now loaded: 0)
Unloading 42 unused Assets / (38.4 KB). Loaded Objects now: 4532.
Memory consumption went from 143.8 MB to 143.8 MB.
Total: 2.333900 ms (FindLiveObjects: 0.257700 ms CreateObjectMapping: 0.054300 ms MarkObjects: 1.957800 ms  DeleteObjects: 0.063500 ms)

Prepare: number of updated asset objects reloaded= 0
AssetImportParameters requested are different than current active one (requested -> active):
  custom:container-demuxer-ogg: 62fdf1f143b41e24485cea50d1cbac27 -> 
  custom:video-decoder-ogg-theora: a1e56fd34408186e4bbccfd4996cb3dc -> 
  custom:framework-win-MediaFoundation: 216162199b28c13a410421893ffa2e32 -> 
  custom:CustomObjectIndexerAttribute: 9a22284fe3817be447336de3de66b15e -> 
  custom:container-demuxer-webm: 4f35f7cbe854078d1ac9338744f61a02 -> 
  custom:container-muxer-webm: aa71ff27fc2769a1b78a27578f13a17b -> 
  custom:video-decoder-webm-vp8: 9c59270c3fd7afecdb556c50c9e8de78 -> 
  custom:SearchIndexIgnoredProperties: e643bd26f0fe6173181afceb89e7c659 -> 
  custom:AudioImporter_EditorPlatform: d09bf68614088b80899f8185d706f6e7 -> 
  custom:video-encoder-webm-vp8: eb34c28f22e8b96e1ab97ce403110664 -> 
  custom:audio-decoder-ogg-vorbis: bf7c407c2cedff20999df2af8eb42d56 -> 
  custom:audio-encoder-webm-vorbis: bf7c407c2cedff20999df2af8eb42d56 -> 
  custom:scripting/precompiled-assembly-types:Assembly-CSharp: a81e85e2c4be3c0350a77c5da53087f4 -> b7af8e27620098665de9fa658ac1471d
========================================================================
Received Prepare
Caller must complete domain reload
Begin MonoManager ReloadAssembly
Symbol file LoadedFromMemory is not a mono symbol file
- Loaded All Assemblies, in  0.524 seconds
Native extension for WindowsStandalone target not found
Native extension for Android target not found
Mono: successfully reloaded assembly
- Finished resetting the current domain, in  0.999 seconds
Domain Reload Profiling: 1517ms
	BeginReloadAssembly (141ms)
		ExecutionOrderSort (0ms)
		DisableScriptedObjects (4ms)
		BackupInstance (0ms)
		ReleaseScriptingObjects (0ms)
		CreateAndSetChildDomain (29ms)
	RebuildCommonClasses (26ms)
	RebuildNativeTypeToScriptingClass (8ms)
	initialDomainReloadingComplete (42ms)
	LoadAllAssembliesAndSetupDomain (301ms)
		LoadAssemblies (358ms)
		RebuildTransferFunctionScriptingTraits (0ms)
		AnalyzeDomain (21ms)
			TypeCache.Refresh (7ms)
				TypeCache.ScanAssembly (1ms)
			ScanForSourceGeneratedMonoScriptInfo (8ms)
			ResolveRequiredComponents (5ms)
	FinalizeReload (1000ms)
		ReleaseScriptCaches (0ms)
		RebuildScriptCaches (0ms)
		SetupLoadedEditorAssemblies (380ms)
			LogAssemblyErrors (0ms)
			InitializePlatformSupportModulesInManaged (22ms)
			SetLoadedEditorAssemblies (3ms)
			RefreshPlugins (0ms)
			BeforeProcessingInitializeOnLoad (57ms)
			ProcessInitializeOnLoadAttributes (273ms)
			ProcessInitializeOnLoadMethodAttributes (15ms)
			AfterProcessingInitializeOnLoad (10ms)
			EditorAssembliesLoaded (0ms)
		ExecutionOrderSort2 (0ms)
		AwakeInstancesAfterBackupRestoration (5ms)
Refreshing native plugins compatible for Editor in 29.23 ms, found 10 plugins.
Preloading 0 native plugins for Editor in 0.00 ms.
Unloading 3931 Unused Serialized files (Serialized files now loaded: 0)
Unloading 42 unused Assets / (38.4 KB). Loaded Objects now: 4536.
Memory consumption went from 143.8 MB to 143.8 MB.
Total: 2.297400 ms (FindLiveObjects: 0.259900 ms CreateObjectMapping: 0.054300 ms MarkObjects: 1.927800 ms  DeleteObjects: 0.054800 ms)

Prepare: number of updated asset objects reloaded= 0
AssetImportParameters requested are different than current active one (requested -> active):
  custom:container-demuxer-ogg: 62fdf1f143b41e24485cea50d1cbac27 -> 
  custom:video-decoder-ogg-theora: a1e56fd34408186e4bbccfd4996cb3dc -> 
  custom:framework-win-MediaFoundation: 216162199b28c13a410421893ffa2e32 -> 
  custom:CustomObjectIndexerAttribute: 9a22284fe3817be447336de3de66b15e -> 
  custom:container-demuxer-webm: 4f35f7cbe854078d1ac9338744f61a02 -> 
  custom:container-muxer-webm: aa71ff27fc2769a1b78a27578f13a17b -> 
  custom:video-decoder-webm-vp8: 9c59270c3fd7afecdb556c50c9e8de78 -> 
  custom:SearchIndexIgnoredProperties: e643bd26f0fe6173181afceb89e7c659 -> 
  custom:AudioImporter_EditorPlatform: d09bf68614088b80899f8185d706f6e7 -> 
  custom:video-encoder-webm-vp8: eb34c28f22e8b96e1ab97ce403110664 -> 
  custom:audio-decoder-ogg-vorbis: bf7c407c2cedff20999df2af8eb42d56 -> 
  custom:audio-encoder-webm-vorbis: bf7c407c2cedff20999df2af8eb42d56 -> 
  custom:scripting/precompiled-assembly-types:Assembly-CSharp: 22b5f24ddc9ff04b91d3230a418a9ddf -> b7af8e27620098665de9fa658ac1471d
========================================================================
Received Prepare
Caller must complete domain reload
Begin MonoManager ReloadAssembly
Symbol file LoadedFromMemory is not a mono symbol file
- Loaded All Assemblies, in  0.573 seconds
Native extension for WindowsStandalone target not found
Native extension for Android target not found
Mono: successfully reloaded assembly
- Finished resetting the current domain, in  1.157 seconds
Domain Reload Profiling: 1724ms
	BeginReloadAssembly (151ms)
		ExecutionOrderSort (0ms)
		DisableScriptedObjects (4ms)
		BackupInstance (0ms)
		ReleaseScriptingObjects (0ms)
		CreateAndSetChildDomain (32ms)
	RebuildCommonClasses (29ms)
	RebuildNativeTypeToScriptingClass (10ms)
	initialDomainReloadingComplete (45ms)
	LoadAllAssembliesAndSetupDomain (331ms)
		LoadAssemblies (396ms)
		RebuildTransferFunctionScriptingTraits (0ms)
		AnalyzeDomain (19ms)
			TypeCache.Refresh (8ms)
				TypeCache.ScanAssembly (1ms)
			ScanForSourceGeneratedMonoScriptInfo (5ms)
			ResolveRequiredComponents (5ms)
	FinalizeReload (1158ms)
		ReleaseScriptCaches (0ms)
		RebuildScriptCaches (0ms)
		SetupLoadedEditorAssemblies (425ms)
			LogAssemblyErrors (0ms)
			InitializePlatformSupportModulesInManaged (35ms)
			SetLoadedEditorAssemblies (4ms)
			RefreshPlugins (0ms)
			BeforeProcessingInitializeOnLoad (75ms)
			ProcessInitializeOnLoadAttributes (283ms)
			ProcessInitializeOnLoadMethodAttributes (17ms)
			AfterProcessingInitializeOnLoad (11ms)
			EditorAssembliesLoaded (0ms)
		ExecutionOrderSort2 (0ms)
		AwakeInstancesAfterBackupRestoration (5ms)
Refreshing native plugins compatible for Editor in 34.59 ms, found 10 plugins.
Preloading 0 native plugins for Editor in 0.00 ms.
Unloading 3931 Unused Serialized files (Serialized files now loaded: 0)
Unloading 42 unused Assets / (38.4 KB). Loaded Objects now: 4540.
Memory consumption went from 143.8 MB to 143.8 MB.
Total: 3.259800 ms (FindLiveObjects: 0.549000 ms CreateObjectMapping: 0.140500 ms MarkObjects: 2.500500 ms  DeleteObjects: 0.069200 ms)

Prepare: number of updated asset objects reloaded= 0
AssetImportParameters requested are different than current active one (requested -> active):
  custom:container-demuxer-ogg: 62fdf1f143b41e24485cea50d1cbac27 -> 
  custom:video-decoder-ogg-theora: a1e56fd34408186e4bbccfd4996cb3dc -> 
  custom:framework-win-MediaFoundation: 216162199b28c13a410421893ffa2e32 -> 
  custom:CustomObjectIndexerAttribute: 9a22284fe3817be447336de3de66b15e -> 
  custom:container-demuxer-webm: 4f35f7cbe854078d1ac9338744f61a02 -> 
  custom:container-muxer-webm: aa71ff27fc2769a1b78a27578f13a17b -> 
  custom:video-decoder-webm-vp8: 9c59270c3fd7afecdb556c50c9e8de78 -> 
  custom:SearchIndexIgnoredProperties: e643bd26f0fe6173181afceb89e7c659 -> 
  custom:AudioImporter_EditorPlatform: d09bf68614088b80899f8185d706f6e7 -> 
  custom:video-encoder-webm-vp8: eb34c28f22e8b96e1ab97ce403110664 -> 
  custom:audio-decoder-ogg-vorbis: bf7c407c2cedff20999df2af8eb42d56 -> 
  custom:audio-encoder-webm-vorbis: bf7c407c2cedff20999df2af8eb42d56 -> 
  custom:scripting/precompiled-assembly-types:Assembly-CSharp: de29d0aef6bd42f9dcf15f3e8a64c4e2 -> b7af8e27620098665de9fa658ac1471d
========================================================================
Received Prepare
Caller must complete domain reload
Begin MonoManager ReloadAssembly
Symbol file LoadedFromMemory is not a mono symbol file
- Loaded All Assemblies, in  0.543 seconds
Native extension for WindowsStandalone target not found
Native extension for Android target not found
Mono: successfully reloaded assembly
- Finished resetting the current domain, in  1.022 seconds
Domain Reload Profiling: 1559ms
	BeginReloadAssembly (151ms)
		ExecutionOrderSort (0ms)
		DisableScriptedObjects (3ms)
		BackupInstance (0ms)
		ReleaseScriptingObjects (0ms)
		CreateAndSetChildDomain (35ms)
	RebuildCommonClasses (25ms)
	RebuildNativeTypeToScriptingClass (9ms)
	initialDomainReloadingComplete (44ms)
	LoadAllAssembliesAndSetupDomain (308ms)
		LoadAssemblies (366ms)
		RebuildTransferFunctionScriptingTraits (0ms)
		AnalyzeDomain (21ms)
			TypeCache.Refresh (8ms)
				TypeCache.ScanAssembly (1ms)
			ScanForSourceGeneratedMonoScriptInfo (6ms)
			ResolveRequiredComponents (6ms)
	FinalizeReload (1022ms)
		ReleaseScriptCaches (0ms)
		RebuildScriptCaches (0ms)
		SetupLoadedEditorAssemblies (413ms)
			LogAssemblyErrors (0ms)
			InitializePlatformSupportModulesInManaged (24ms)
			SetLoadedEditorAssemblies (5ms)
			RefreshPlugins (0ms)
			BeforeProcessingInitializeOnLoad (64ms)
			ProcessInitializeOnLoadAttributes (287ms)
			ProcessInitializeOnLoadMethodAttributes (21ms)
			AfterProcessingInitializeOnLoad (12ms)
			EditorAssembliesLoaded (0ms)
		ExecutionOrderSort2 (0ms)
		AwakeInstancesAfterBackupRestoration (5ms)
Refreshing native plugins compatible for Editor in 30.56 ms, found 10 plugins.
Preloading 0 native plugins for Editor in 0.00 ms.
Unloading 3931 Unused Serialized files (Serialized files now loaded: 0)
Unloading 42 unused Assets / (38.4 KB). Loaded Objects now: 4544.
Memory consumption went from 143.9 MB to 143.8 MB.
Total: 3.320300 ms (FindLiveObjects: 0.263100 ms CreateObjectMapping: 0.055000 ms MarkObjects: 2.888800 ms  DeleteObjects: 0.112700 ms)

Prepare: number of updated asset objects reloaded= 0
AssetImportParameters requested are different than current active one (requested -> active):
  custom:container-demuxer-ogg: 62fdf1f143b41e24485cea50d1cbac27 -> 
  custom:video-decoder-ogg-theora: a1e56fd34408186e4bbccfd4996cb3dc -> 
  custom:framework-win-MediaFoundation: 216162199b28c13a410421893ffa2e32 -> 
  custom:CustomObjectIndexerAttribute: 9a22284fe3817be447336de3de66b15e -> 
  custom:container-demuxer-webm: 4f35f7cbe854078d1ac9338744f61a02 -> 
  custom:container-muxer-webm: aa71ff27fc2769a1b78a27578f13a17b -> 
  custom:video-decoder-webm-vp8: 9c59270c3fd7afecdb556c50c9e8de78 -> 
  custom:SearchIndexIgnoredProperties: e643bd26f0fe6173181afceb89e7c659 -> 
  custom:AudioImporter_EditorPlatform: d09bf68614088b80899f8185d706f6e7 -> 
  custom:video-encoder-webm-vp8: eb34c28f22e8b96e1ab97ce403110664 -> 
  custom:audio-decoder-ogg-vorbis: bf7c407c2cedff20999df2af8eb42d56 -> 
  custom:audio-encoder-webm-vorbis: bf7c407c2cedff20999df2af8eb42d56 -> 
  custom:scripting/precompiled-assembly-types:Assembly-CSharp: cbeab16632875041222cc54583823e30 -> b7af8e27620098665de9fa658ac1471d
========================================================================
Received Prepare
Caller must complete domain reload
Begin MonoManager ReloadAssembly
Symbol file LoadedFromMemory is not a mono symbol file
- Loaded All Assemblies, in  0.540 seconds
Native extension for WindowsStandalone target not found
Native extension for Android target not found
Mono: successfully reloaded assembly
- Finished resetting the current domain, in  1.052 seconds
Domain Reload Profiling: 1587ms
	BeginReloadAssembly (141ms)
		ExecutionOrderSort (0ms)
		DisableScriptedObjects (3ms)
		BackupInstance (0ms)
		ReleaseScriptingObjects (0ms)
		CreateAndSetChildDomain (29ms)
	RebuildCommonClasses (27ms)
	RebuildNativeTypeToScriptingClass (9ms)
	initialDomainReloadingComplete (42ms)
	LoadAllAssembliesAndSetupDomain (316ms)
		LoadAssemblies (372ms)
		RebuildTransferFunctionScriptingTraits (0ms)
		AnalyzeDomain (22ms)
			TypeCache.Refresh (9ms)
				TypeCache.ScanAssembly (1ms)
			ScanForSourceGeneratedMonoScriptInfo (5ms)
			ResolveRequiredComponents (6ms)
	FinalizeReload (1052ms)
		ReleaseScriptCaches (0ms)
		RebuildScriptCaches (0ms)
		SetupLoadedEditorAssemblies (382ms)
			LogAssemblyErrors (0ms)
			InitializePlatformSupportModulesInManaged (24ms)
			SetLoadedEditorAssemblies (4ms)
			RefreshPlugins (0ms)
			BeforeProcessingInitializeOnLoad (59ms)
			ProcessInitializeOnLoadAttributes (267ms)
			ProcessInitializeOnLoadMethodAttributes (18ms)
			AfterProcessingInitializeOnLoad (10ms)
			EditorAssembliesLoaded (0ms)
		ExecutionOrderSort2 (0ms)
		AwakeInstancesAfterBackupRestoration (5ms)
Refreshing native plugins compatible for Editor in 33.31 ms, found 10 plugins.
Preloading 0 native plugins for Editor in 0.00 ms.
Unloading 3931 Unused Serialized files (Serialized files now loaded: 0)
Unloading 42 unused Assets / (38.5 KB). Loaded Objects now: 4548.
Memory consumption went from 143.9 MB to 143.8 MB.
Total: 3.404000 ms (FindLiveObjects: 0.424500 ms CreateObjectMapping: 0.272300 ms MarkObjects: 2.639900 ms  DeleteObjects: 0.066500 ms)

Prepare: number of updated asset objects reloaded= 0
AssetImportParameters requested are different than current active one (requested -> active):
  custom:container-demuxer-ogg: 62fdf1f143b41e24485cea50d1cbac27 -> 
  custom:video-decoder-ogg-theora: a1e56fd34408186e4bbccfd4996cb3dc -> 
  custom:framework-win-MediaFoundation: 216162199b28c13a410421893ffa2e32 -> 
  custom:CustomObjectIndexerAttribute: 9a22284fe3817be447336de3de66b15e -> 
  custom:container-demuxer-webm: 4f35f7cbe854078d1ac9338744f61a02 -> 
  custom:container-muxer-webm: aa71ff27fc2769a1b78a27578f13a17b -> 
  custom:video-decoder-webm-vp8: 9c59270c3fd7afecdb556c50c9e8de78 -> 
  custom:SearchIndexIgnoredProperties: e643bd26f0fe6173181afceb89e7c659 -> 
  custom:AudioImporter_EditorPlatform: d09bf68614088b80899f8185d706f6e7 -> 
  custom:video-encoder-webm-vp8: eb34c28f22e8b96e1ab97ce403110664 -> 
  custom:audio-decoder-ogg-vorbis: bf7c407c2cedff20999df2af8eb42d56 -> 
  custom:audio-encoder-webm-vorbis: bf7c407c2cedff20999df2af8eb42d56 -> 
  custom:scripting/precompiled-assembly-types:Assembly-CSharp: a4922c14232d675a3142fd21167613e5 -> b7af8e27620098665de9fa658ac1471d
========================================================================
Received Prepare
Caller must complete domain reload
Begin MonoManager ReloadAssembly
Symbol file LoadedFromMemory is not a mono symbol file
- Loaded All Assemblies, in  0.559 seconds
Native extension for WindowsStandalone target not found
Native extension for Android target not found
Mono: successfully reloaded assembly
- Finished resetting the current domain, in  1.079 seconds
Domain Reload Profiling: 1632ms
	BeginReloadAssembly (153ms)
		ExecutionOrderSort (0ms)
		DisableScriptedObjects (3ms)
		BackupInstance (0ms)
		ReleaseScriptingObjects (0ms)
		CreateAndSetChildDomain (34ms)
	RebuildCommonClasses (26ms)
	RebuildNativeTypeToScriptingClass (9ms)
	initialDomainReloadingComplete (46ms)
	LoadAllAssembliesAndSetupDomain (317ms)
		LoadAssemblies (379ms)
		RebuildTransferFunctionScriptingTraits (0ms)
		AnalyzeDomain (22ms)
			TypeCache.Refresh (9ms)
				TypeCache.ScanAssembly (1ms)
			ScanForSourceGeneratedMonoScriptInfo (7ms)
			ResolveRequiredComponents (6ms)
	FinalizeReload (1080ms)
		ReleaseScriptCaches (0ms)
		RebuildScriptCaches (0ms)
		SetupLoadedEditorAssemblies (398ms)
			LogAssemblyErrors (0ms)
			InitializePlatformSupportModulesInManaged (21ms)
			SetLoadedEditorAssemblies (4ms)
			RefreshPlugins (0ms)
			BeforeProcessingInitializeOnLoad (62ms)
			ProcessInitializeOnLoadAttributes (281ms)
			ProcessInitializeOnLoadMethodAttributes (18ms)
			AfterProcessingInitializeOnLoad (13ms)
			EditorAssembliesLoaded (0ms)
		ExecutionOrderSort2 (0ms)
		AwakeInstancesAfterBackupRestoration (5ms)
Refreshing native plugins compatible for Editor in 33.70 ms, found 10 plugins.
Preloading 0 native plugins for Editor in 0.00 ms.
Unloading 3931 Unused Serialized files (Serialized files now loaded: 0)
Unloading 42 unused Assets / (38.4 KB). Loaded Objects now: 4552.
Memory consumption went from 143.9 MB to 143.8 MB.
Total: 3.049500 ms (FindLiveObjects: 0.334900 ms CreateObjectMapping: 0.058900 ms MarkObjects: 2.591300 ms  DeleteObjects: 0.063400 ms)

Prepare: number of updated asset objects reloaded= 0
AssetImportParameters requested are different than current active one (requested -> active):
  custom:container-demuxer-ogg: 62fdf1f143b41e24485cea50d1cbac27 -> 
  custom:video-decoder-ogg-theora: a1e56fd34408186e4bbccfd4996cb3dc -> 
  custom:framework-win-MediaFoundation: 216162199b28c13a410421893ffa2e32 -> 
  custom:CustomObjectIndexerAttribute: 9a22284fe3817be447336de3de66b15e -> 
  custom:container-demuxer-webm: 4f35f7cbe854078d1ac9338744f61a02 -> 
  custom:container-muxer-webm: aa71ff27fc2769a1b78a27578f13a17b -> 
  custom:video-decoder-webm-vp8: 9c59270c3fd7afecdb556c50c9e8de78 -> 
  custom:SearchIndexIgnoredProperties: e643bd26f0fe6173181afceb89e7c659 -> 
  custom:AudioImporter_EditorPlatform: d09bf68614088b80899f8185d706f6e7 -> 
  custom:video-encoder-webm-vp8: eb34c28f22e8b96e1ab97ce403110664 -> 
  custom:audio-decoder-ogg-vorbis: bf7c407c2cedff20999df2af8eb42d56 -> 
  custom:audio-encoder-webm-vorbis: bf7c407c2cedff20999df2af8eb42d56 -> 
  custom:scripting/precompiled-assembly-types:Assembly-CSharp: a4922c14232d675a3142fd21167613e5 -> b7af8e27620098665de9fa658ac1471d
========================================================================
Received Prepare
Caller must complete domain reload
Begin MonoManager ReloadAssembly
Symbol file LoadedFromMemory is not a mono symbol file
- Loaded All Assemblies, in  0.563 seconds
Native extension for WindowsStandalone target not found
Native extension for Android target not found
Mono: successfully reloaded assembly
- Finished resetting the current domain, in  1.092 seconds
Domain Reload Profiling: 1649ms
	BeginReloadAssembly (145ms)
		ExecutionOrderSort (0ms)
		DisableScriptedObjects (3ms)
		BackupInstance (0ms)
		ReleaseScriptingObjects (0ms)
		CreateAndSetChildDomain (33ms)
	RebuildCommonClasses (28ms)
	RebuildNativeTypeToScriptingClass (10ms)
	initialDomainReloadingComplete (45ms)
	LoadAllAssembliesAndSetupDomain (328ms)
		LoadAssemblies (387ms)
		RebuildTransferFunctionScriptingTraits (0ms)
		AnalyzeDomain (19ms)
			TypeCache.Refresh (8ms)
				TypeCache.ScanAssembly (1ms)
			ScanForSourceGeneratedMonoScriptInfo (6ms)
			ResolveRequiredComponents (4ms)
	FinalizeReload (1092ms)
		ReleaseScriptCaches (0ms)
		RebuildScriptCaches (0ms)
		SetupLoadedEditorAssemblies (400ms)
			LogAssemblyErrors (0ms)
			InitializePlatformSupportModulesInManaged (32ms)
			SetLoadedEditorAssemblies (4ms)
			RefreshPlugins (0ms)
			BeforeProcessingInitializeOnLoad (63ms)
			ProcessInitializeOnLoadAttributes (270ms)
			ProcessInitializeOnLoadMethodAttributes (20ms)
			AfterProcessingInitializeOnLoad (12ms)
			EditorAssembliesLoaded (0ms)
		ExecutionOrderSort2 (0ms)
		AwakeInstancesAfterBackupRestoration (6ms)
Refreshing native plugins compatible for Editor in 33.27 ms, found 10 plugins.
Preloading 0 native plugins for Editor in 0.00 ms.
Unloading 3931 Unused Serialized files (Serialized files now loaded: 0)
Unloading 42 unused Assets / (38.4 KB). Loaded Objects now: 4556.
Memory consumption went from 143.9 MB to 143.8 MB.
Total: 2.203900 ms (FindLiveObjects: 0.269400 ms CreateObjectMapping: 0.055100 ms MarkObjects: 1.823800 ms  DeleteObjects: 0.054800 ms)

Prepare: number of updated asset objects reloaded= 0
AssetImportParameters requested are different than current active one (requested -> active):
  custom:container-demuxer-ogg: 62fdf1f143b41e24485cea50d1cbac27 -> 
  custom:video-decoder-ogg-theora: a1e56fd34408186e4bbccfd4996cb3dc -> 
  custom:framework-win-MediaFoundation: 216162199b28c13a410421893ffa2e32 -> 
  custom:CustomObjectIndexerAttribute: 9a22284fe3817be447336de3de66b15e -> 
  custom:container-demuxer-webm: 4f35f7cbe854078d1ac9338744f61a02 -> 
  custom:container-muxer-webm: aa71ff27fc2769a1b78a27578f13a17b -> 
  custom:video-decoder-webm-vp8: 9c59270c3fd7afecdb556c50c9e8de78 -> 
  custom:SearchIndexIgnoredProperties: e643bd26f0fe6173181afceb89e7c659 -> 
  custom:AudioImporter_EditorPlatform: d09bf68614088b80899f8185d706f6e7 -> 
  custom:video-encoder-webm-vp8: eb34c28f22e8b96e1ab97ce403110664 -> 
  custom:audio-decoder-ogg-vorbis: bf7c407c2cedff20999df2af8eb42d56 -> 
  custom:audio-encoder-webm-vorbis: bf7c407c2cedff20999df2af8eb42d56 -> 
  custom:scripting/precompiled-assembly-types:Assembly-CSharp: 0c6bad6f748536e335cea59c81175e67 -> b7af8e27620098665de9fa658ac1471d
========================================================================
Received Prepare
Caller must complete domain reload
Begin MonoManager ReloadAssembly
Symbol file LoadedFromMemory is not a mono symbol file
- Loaded All Assemblies, in  0.533 seconds
Native extension for WindowsStandalone target not found
Native extension for Android target not found
Mono: successfully reloaded assembly
- Finished resetting the current domain, in  1.024 seconds
Domain Reload Profiling: 1551ms
	BeginReloadAssembly (141ms)
		ExecutionOrderSort (0ms)
		DisableScriptedObjects (2ms)
		BackupInstance (0ms)
		ReleaseScriptingObjects (0ms)
		CreateAndSetChildDomain (31ms)
	RebuildCommonClasses (25ms)
	RebuildNativeTypeToScriptingClass (8ms)
	initialDomainReloadingComplete (44ms)
	LoadAllAssembliesAndSetupDomain (308ms)
		LoadAssemblies (365ms)
		RebuildTransferFunctionScriptingTraits (0ms)
		AnalyzeDomain (21ms)
			TypeCache.Refresh (8ms)
				TypeCache.ScanAssembly (1ms)
			ScanForSourceGeneratedMonoScriptInfo (7ms)
			ResolveRequiredComponents (5ms)
	FinalizeReload (1025ms)
		ReleaseScriptCaches (0ms)
		RebuildScriptCaches (0ms)
		SetupLoadedEditorAssemblies (389ms)
			LogAssemblyErrors (0ms)
			InitializePlatformSupportModulesInManaged (24ms)
			SetLoadedEditorAssemblies (3ms)
			RefreshPlugins (0ms)
			BeforeProcessingInitializeOnLoad (58ms)
			ProcessInitializeOnLoadAttributes (275ms)
			ProcessInitializeOnLoadMethodAttributes (18ms)
			AfterProcessingInitializeOnLoad (11ms)
			EditorAssembliesLoaded (0ms)
		ExecutionOrderSort2 (0ms)
		AwakeInstancesAfterBackupRestoration (5ms)
Refreshing native plugins compatible for Editor in 29.00 ms, found 10 plugins.
Preloading 0 native plugins for Editor in 0.00 ms.
Unloading 3931 Unused Serialized files (Serialized files now loaded: 0)
Unloading 42 unused Assets / (38.5 KB). Loaded Objects now: 4560.
Memory consumption went from 143.9 MB to 143.8 MB.
Total: 2.442200 ms (FindLiveObjects: 0.392800 ms CreateObjectMapping: 0.071100 ms MarkObjects: 1.924900 ms  DeleteObjects: 0.052500 ms)

Prepare: number of updated asset objects reloaded= 0
AssetImportParameters requested are different than current active one (requested -> active):
  custom:container-demuxer-ogg: 62fdf1f143b41e24485cea50d1cbac27 -> 
  custom:video-decoder-ogg-theora: a1e56fd34408186e4bbccfd4996cb3dc -> 
  custom:framework-win-MediaFoundation: 216162199b28c13a410421893ffa2e32 -> 
  custom:CustomObjectIndexerAttribute: 9a22284fe3817be447336de3de66b15e -> 
  custom:container-demuxer-webm: 4f35f7cbe854078d1ac9338744f61a02 -> 
  custom:container-muxer-webm: aa71ff27fc2769a1b78a27578f13a17b -> 
  custom:video-decoder-webm-vp8: 9c59270c3fd7afecdb556c50c9e8de78 -> 
  custom:SearchIndexIgnoredProperties: e643bd26f0fe6173181afceb89e7c659 -> 
  custom:AudioImporter_EditorPlatform: d09bf68614088b80899f8185d706f6e7 -> 
  custom:video-encoder-webm-vp8: eb34c28f22e8b96e1ab97ce403110664 -> 
  custom:audio-decoder-ogg-vorbis: bf7c407c2cedff20999df2af8eb42d56 -> 
  custom:audio-encoder-webm-vorbis: bf7c407c2cedff20999df2af8eb42d56 -> 
  custom:scripting/precompiled-assembly-types:Assembly-CSharp: 0c6bad6f748536e335cea59c81175e67 -> b7af8e27620098665de9fa658ac1471d
========================================================================
Received Prepare
Caller must complete domain reload
Begin MonoManager ReloadAssembly
Symbol file LoadedFromMemory is not a mono symbol file
- Loaded All Assemblies, in  0.575 seconds
Native extension for WindowsStandalone target not found
Native extension for Android target not found
Mono: successfully reloaded assembly
- Finished resetting the current domain, in  1.016 seconds
Domain Reload Profiling: 1584ms
	BeginReloadAssembly (146ms)
		ExecutionOrderSort (0ms)
		DisableScriptedObjects (3ms)
		BackupInstance (0ms)
		ReleaseScriptingObjects (0ms)
		CreateAndSetChildDomain (30ms)
	RebuildCommonClasses (24ms)
	RebuildNativeTypeToScriptingClass (9ms)
	initialDomainReloadingComplete (46ms)
	LoadAllAssembliesAndSetupDomain (343ms)
		LoadAssemblies (399ms)
		RebuildTransferFunctionScriptingTraits (0ms)
		AnalyzeDomain (22ms)
			TypeCache.Refresh (8ms)
				TypeCache.ScanAssembly (1ms)
			ScanForSourceGeneratedMonoScriptInfo (6ms)
			ResolveRequiredComponents (6ms)
	FinalizeReload (1016ms)
		ReleaseScriptCaches (0ms)
		RebuildScriptCaches (0ms)
		SetupLoadedEditorAssemblies (385ms)
			LogAssemblyErrors (0ms)
			InitializePlatformSupportModulesInManaged (23ms)
			SetLoadedEditorAssemblies (3ms)
			RefreshPlugins (0ms)
			BeforeProcessingInitializeOnLoad (62ms)
			ProcessInitializeOnLoadAttributes (268ms)
			ProcessInitializeOnLoadMethodAttributes (17ms)
			AfterProcessingInitializeOnLoad (11ms)
			EditorAssembliesLoaded (0ms)
		ExecutionOrderSort2 (0ms)
		AwakeInstancesAfterBackupRestoration (6ms)
Refreshing native plugins compatible for Editor in 33.05 ms, found 10 plugins.
Preloading 0 native plugins for Editor in 0.00 ms.
Unloading 3931 Unused Serialized files (Serialized files now loaded: 0)
Unloading 42 unused Assets / (38.4 KB). Loaded Objects now: 4564.
Memory consumption went from 143.9 MB to 143.8 MB.
Total: 4.305800 ms (FindLiveObjects: 0.358600 ms CreateObjectMapping: 0.066400 ms MarkObjects: 3.788400 ms  DeleteObjects: 0.090800 ms)

Prepare: number of updated asset objects reloaded= 0
AssetImportParameters requested are different than current active one (requested -> active):
  custom:container-demuxer-ogg: 62fdf1f143b41e24485cea50d1cbac27 -> 
  custom:video-decoder-ogg-theora: a1e56fd34408186e4bbccfd4996cb3dc -> 
  custom:framework-win-MediaFoundation: 216162199b28c13a410421893ffa2e32 -> 
  custom:CustomObjectIndexerAttribute: 9a22284fe3817be447336de3de66b15e -> 
  custom:container-demuxer-webm: 4f35f7cbe854078d1ac9338744f61a02 -> 
  custom:container-muxer-webm: aa71ff27fc2769a1b78a27578f13a17b -> 
  custom:video-decoder-webm-vp8: 9c59270c3fd7afecdb556c50c9e8de78 -> 
  custom:SearchIndexIgnoredProperties: e643bd26f0fe6173181afceb89e7c659 -> 
  custom:AudioImporter_EditorPlatform: d09bf68614088b80899f8185d706f6e7 -> 
  custom:video-encoder-webm-vp8: eb34c28f22e8b96e1ab97ce403110664 -> 
  custom:audio-decoder-ogg-vorbis: bf7c407c2cedff20999df2af8eb42d56 -> 
  custom:audio-encoder-webm-vorbis: bf7c407c2cedff20999df2af8eb42d56 -> 
  custom:scripting/precompiled-assembly-types:Assembly-CSharp: 0c6bad6f748536e335cea59c81175e67 -> b7af8e27620098665de9fa658ac1471d
========================================================================
Received Prepare
Caller must complete domain reload
Begin MonoManager ReloadAssembly
Symbol file LoadedFromMemory is not a mono symbol file
- Loaded All Assemblies, in  0.531 seconds
Native extension for WindowsStandalone target not found
Native extension for Android target not found
Mono: successfully reloaded assembly
- Finished resetting the current domain, in  1.093 seconds
Domain Reload Profiling: 1618ms
	BeginReloadAssembly (141ms)
		ExecutionOrderSort (0ms)
		DisableScriptedObjects (3ms)
		BackupInstance (0ms)
		ReleaseScriptingObjects (0ms)
		CreateAndSetChildDomain (30ms)
	RebuildCommonClasses (25ms)
	RebuildNativeTypeToScriptingClass (7ms)
	initialDomainReloadingComplete (43ms)
	LoadAllAssembliesAndSetupDomain (308ms)
		LoadAssemblies (363ms)
		RebuildTransferFunctionScriptingTraits (0ms)
		AnalyzeDomain (21ms)
			TypeCache.Refresh (8ms)
				TypeCache.ScanAssembly (1ms)
			ScanForSourceGeneratedMonoScriptInfo (6ms)
			ResolveRequiredComponents (7ms)
	FinalizeReload (1094ms)
		ReleaseScriptCaches (0ms)
		RebuildScriptCaches (0ms)
		SetupLoadedEditorAssemblies (411ms)
			LogAssemblyErrors (0ms)
			InitializePlatformSupportModulesInManaged (23ms)
			SetLoadedEditorAssemblies (3ms)
			RefreshPlugins (0ms)
			BeforeProcessingInitializeOnLoad (58ms)
			ProcessInitializeOnLoadAttributes (299ms)
			ProcessInitializeOnLoadMethodAttributes (17ms)
			AfterProcessingInitializeOnLoad (11ms)
			EditorAssembliesLoaded (0ms)
		ExecutionOrderSort2 (0ms)
		AwakeInstancesAfterBackupRestoration (5ms)
Refreshing native plugins compatible for Editor in 36.84 ms, found 10 plugins.
Preloading 0 native plugins for Editor in 0.00 ms.
Unloading 3931 Unused Serialized files (Serialized files now loaded: 0)
Unloading 42 unused Assets / (38.4 KB). Loaded Objects now: 4568.
Memory consumption went from 143.9 MB to 143.9 MB.
Total: 2.412300 ms (FindLiveObjects: 0.261800 ms CreateObjectMapping: 0.057400 ms MarkObjects: 2.038600 ms  DeleteObjects: 0.053600 ms)

Prepare: number of updated asset objects reloaded= 0
AssetImportParameters requested are different than current active one (requested -> active):
  custom:container-demuxer-ogg: 62fdf1f143b41e24485cea50d1cbac27 -> 
  custom:video-decoder-ogg-theora: a1e56fd34408186e4bbccfd4996cb3dc -> 
  custom:framework-win-MediaFoundation: 216162199b28c13a410421893ffa2e32 -> 
  custom:CustomObjectIndexerAttribute: 9a22284fe3817be447336de3de66b15e -> 
  custom:container-demuxer-webm: 4f35f7cbe854078d1ac9338744f61a02 -> 
  custom:container-muxer-webm: aa71ff27fc2769a1b78a27578f13a17b -> 
  custom:video-decoder-webm-vp8: 9c59270c3fd7afecdb556c50c9e8de78 -> 
  custom:SearchIndexIgnoredProperties: e643bd26f0fe6173181afceb89e7c659 -> 
  custom:AudioImporter_EditorPlatform: d09bf68614088b80899f8185d706f6e7 -> 
  custom:video-encoder-webm-vp8: eb34c28f22e8b96e1ab97ce403110664 -> 
  custom:audio-decoder-ogg-vorbis: bf7c407c2cedff20999df2af8eb42d56 -> 
  custom:audio-encoder-webm-vorbis: bf7c407c2cedff20999df2af8eb42d56 -> 
  custom:scripting/precompiled-assembly-types:Assembly-CSharp: 0c6bad6f748536e335cea59c81175e67 -> b7af8e27620098665de9fa658ac1471d
========================================================================
Received Prepare
Caller must complete domain reload
Begin MonoManager ReloadAssembly
Symbol file LoadedFromMemory is not a mono symbol file
- Loaded All Assemblies, in  0.540 seconds
Native extension for WindowsStandalone target not found
Native extension for Android target not found
Mono: successfully reloaded assembly
- Finished resetting the current domain, in  1.002 seconds
Domain Reload Profiling: 1535ms
	BeginReloadAssembly (149ms)
		ExecutionOrderSort (0ms)
		DisableScriptedObjects (5ms)
		BackupInstance (0ms)
		ReleaseScriptingObjects (0ms)
		CreateAndSetChildDomain (30ms)
	RebuildCommonClasses (26ms)
	RebuildNativeTypeToScriptingClass (8ms)
	initialDomainReloadingComplete (44ms)
	LoadAllAssembliesAndSetupDomain (306ms)
		LoadAssemblies (366ms)
		RebuildTransferFunctionScriptingTraits (0ms)
		AnalyzeDomain (20ms)
			TypeCache.Refresh (8ms)
				TypeCache.ScanAssembly (1ms)
			ScanForSourceGeneratedMonoScriptInfo (6ms)
			ResolveRequiredComponents (5ms)
	FinalizeReload (1003ms)
		ReleaseScriptCaches (0ms)
		RebuildScriptCaches (0ms)
		SetupLoadedEditorAssemblies (407ms)
			LogAssemblyErrors (0ms)
			InitializePlatformSupportModulesInManaged (23ms)
			SetLoadedEditorAssemblies (3ms)
			RefreshPlugins (0ms)
			BeforeProcessingInitializeOnLoad (60ms)
			ProcessInitializeOnLoadAttributes (283ms)
			ProcessInitializeOnLoadMethodAttributes (23ms)
			AfterProcessingInitializeOnLoad (15ms)
			EditorAssembliesLoaded (0ms)
		ExecutionOrderSort2 (0ms)
		AwakeInstancesAfterBackupRestoration (5ms)
Refreshing native plugins compatible for Editor in 30.78 ms, found 10 plugins.
Preloading 0 native plugins for Editor in 0.00 ms.
Unloading 3931 Unused Serialized files (Serialized files now loaded: 0)
Unloading 42 unused Assets / (38.4 KB). Loaded Objects now: 4572.
Memory consumption went from 143.9 MB to 143.9 MB.
Total: 4.076800 ms (FindLiveObjects: 0.502700 ms CreateObjectMapping: 0.095700 ms MarkObjects: 3.391800 ms  DeleteObjects: 0.084800 ms)

Prepare: number of updated asset objects reloaded= 0
AssetImportParameters requested are different than current active one (requested -> active):
  custom:container-demuxer-ogg: 62fdf1f143b41e24485cea50d1cbac27 -> 
  custom:video-decoder-ogg-theora: a1e56fd34408186e4bbccfd4996cb3dc -> 
  custom:framework-win-MediaFoundation: 216162199b28c13a410421893ffa2e32 -> 
  custom:CustomObjectIndexerAttribute: 9a22284fe3817be447336de3de66b15e -> 
  custom:container-demuxer-webm: 4f35f7cbe854078d1ac9338744f61a02 -> 
  custom:container-muxer-webm: aa71ff27fc2769a1b78a27578f13a17b -> 
  custom:video-decoder-webm-vp8: 9c59270c3fd7afecdb556c50c9e8de78 -> 
  custom:SearchIndexIgnoredProperties: e643bd26f0fe6173181afceb89e7c659 -> 
  custom:AudioImporter_EditorPlatform: d09bf68614088b80899f8185d706f6e7 -> 
  custom:video-encoder-webm-vp8: eb34c28f22e8b96e1ab97ce403110664 -> 
  custom:audio-decoder-ogg-vorbis: bf7c407c2cedff20999df2af8eb42d56 -> 
  custom:audio-encoder-webm-vorbis: bf7c407c2cedff20999df2af8eb42d56 -> 
  custom:scripting/precompiled-assembly-types:Assembly-CSharp: 0c6bad6f748536e335cea59c81175e67 -> b7af8e27620098665de9fa658ac1471d
========================================================================
Received Prepare
Caller must complete domain reload
Begin MonoManager ReloadAssembly
Symbol file LoadedFromMemory is not a mono symbol file
- Loaded All Assemblies, in  0.520 seconds
Native extension for WindowsStandalone target not found
Native extension for Android target not found
Mono: successfully reloaded assembly
- Finished resetting the current domain, in  1.037 seconds
Domain Reload Profiling: 1552ms
	BeginReloadAssembly (137ms)
		ExecutionOrderSort (0ms)
		DisableScriptedObjects (3ms)
		BackupInstance (0ms)
		ReleaseScriptingObjects (0ms)
		CreateAndSetChildDomain (31ms)
	RebuildCommonClasses (24ms)
	RebuildNativeTypeToScriptingClass (8ms)
	initialDomainReloadingComplete (42ms)
	LoadAllAssembliesAndSetupDomain (304ms)
		LoadAssemblies (356ms)
		RebuildTransferFunctionScriptingTraits (0ms)
		AnalyzeDomain (20ms)
			TypeCache.Refresh (8ms)
				TypeCache.ScanAssembly (1ms)
			ScanForSourceGeneratedMonoScriptInfo (6ms)
			ResolveRequiredComponents (5ms)
	FinalizeReload (1037ms)
		ReleaseScriptCaches (0ms)
		RebuildScriptCaches (0ms)
		SetupLoadedEditorAssemblies (385ms)
			LogAssemblyErrors (0ms)
			InitializePlatformSupportModulesInManaged (21ms)
			SetLoadedEditorAssemblies (4ms)
			RefreshPlugins (0ms)
			BeforeProcessingInitializeOnLoad (60ms)
			ProcessInitializeOnLoadAttributes (271ms)
			ProcessInitializeOnLoadMethodAttributes (18ms)
			AfterProcessingInitializeOnLoad (10ms)
			EditorAssembliesLoaded (0ms)
		ExecutionOrderSort2 (0ms)
		AwakeInstancesAfterBackupRestoration (5ms)
Refreshing native plugins compatible for Editor in 29.86 ms, found 10 plugins.
Preloading 0 native plugins for Editor in 0.00 ms.
Unloading 3931 Unused Serialized files (Serialized files now loaded: 0)
Unloading 42 unused Assets / (38.5 KB). Loaded Objects now: 4576.
Memory consumption went from 143.9 MB to 143.9 MB.
Total: 3.127300 ms (FindLiveObjects: 0.459000 ms CreateObjectMapping: 0.086000 ms MarkObjects: 2.518100 ms  DeleteObjects: 0.063300 ms)

Prepare: number of updated asset objects reloaded= 0
AssetImportParameters requested are different than current active one (requested -> active):
  custom:container-demuxer-ogg: 62fdf1f143b41e24485cea50d1cbac27 -> 
  custom:video-decoder-ogg-theora: a1e56fd34408186e4bbccfd4996cb3dc -> 
  custom:framework-win-MediaFoundation: 216162199b28c13a410421893ffa2e32 -> 
  custom:CustomObjectIndexerAttribute: 9a22284fe3817be447336de3de66b15e -> 
  custom:container-demuxer-webm: 4f35f7cbe854078d1ac9338744f61a02 -> 
  custom:container-muxer-webm: aa71ff27fc2769a1b78a27578f13a17b -> 
  custom:video-decoder-webm-vp8: 9c59270c3fd7afecdb556c50c9e8de78 -> 
  custom:SearchIndexIgnoredProperties: e643bd26f0fe6173181afceb89e7c659 -> 
  custom:AudioImporter_EditorPlatform: d09bf68614088b80899f8185d706f6e7 -> 
  custom:video-encoder-webm-vp8: eb34c28f22e8b96e1ab97ce403110664 -> 
  custom:audio-decoder-ogg-vorbis: bf7c407c2cedff20999df2af8eb42d56 -> 
  custom:audio-encoder-webm-vorbis: bf7c407c2cedff20999df2af8eb42d56 -> 
  custom:scripting/precompiled-assembly-types:Assembly-CSharp: 0c6bad6f748536e335cea59c81175e67 -> b7af8e27620098665de9fa658ac1471d
========================================================================
Received Prepare
Caller must complete domain reload
Begin MonoManager ReloadAssembly
Symbol file LoadedFromMemory is not a mono symbol file
- Loaded All Assemblies, in  0.508 seconds
Native extension for WindowsStandalone target not found
Native extension for Android target not found
Mono: successfully reloaded assembly
- Finished resetting the current domain, in  1.023 seconds
Domain Reload Profiling: 1525ms
	BeginReloadAssembly (132ms)
		ExecutionOrderSort (0ms)
		DisableScriptedObjects (2ms)
		BackupInstance (0ms)
		ReleaseScriptingObjects (0ms)
		CreateAndSetChildDomain (28ms)
	RebuildCommonClasses (24ms)
	RebuildNativeTypeToScriptingClass (9ms)
	initialDomainReloadingComplete (41ms)
	LoadAllAssembliesAndSetupDomain (297ms)
		LoadAssemblies (356ms)
		RebuildTransferFunctionScriptingTraits (0ms)
		AnalyzeDomain (12ms)
			TypeCache.Refresh (4ms)
				TypeCache.ScanAssembly (0ms)
			ScanForSourceGeneratedMonoScriptInfo (0ms)
			ResolveRequiredComponents (6ms)
	FinalizeReload (1023ms)
		ReleaseScriptCaches (0ms)
		RebuildScriptCaches (0ms)
		SetupLoadedEditorAssemblies (384ms)
			LogAssemblyErrors (0ms)
			InitializePlatformSupportModulesInManaged (21ms)
			SetLoadedEditorAssemblies (4ms)
			RefreshPlugins (0ms)
			BeforeProcessingInitializeOnLoad (59ms)
			ProcessInitializeOnLoadAttributes (271ms)
			ProcessInitializeOnLoadMethodAttributes (19ms)
			AfterProcessingInitializeOnLoad (11ms)
			EditorAssembliesLoaded (0ms)
		ExecutionOrderSort2 (0ms)
		AwakeInstancesAfterBackupRestoration (6ms)
Refreshing native plugins compatible for Editor in 32.99 ms, found 10 plugins.
Preloading 0 native plugins for Editor in 0.00 ms.
Unloading 3931 Unused Serialized files (Serialized files now loaded: 0)
Unloading 42 unused Assets / (38.5 KB). Loaded Objects now: 4580.
Memory consumption went from 143.9 MB to 143.9 MB.
Total: 3.468700 ms (FindLiveObjects: 0.267600 ms CreateObjectMapping: 0.054800 ms MarkObjects: 3.047300 ms  DeleteObjects: 0.098000 ms)

Prepare: number of updated asset objects reloaded= 0
AssetImportParameters requested are different than current active one (requested -> active):
  custom:container-demuxer-ogg: 62fdf1f143b41e24485cea50d1cbac27 -> 
  custom:video-decoder-ogg-theora: a1e56fd34408186e4bbccfd4996cb3dc -> 
  custom:framework-win-MediaFoundation: 216162199b28c13a410421893ffa2e32 -> 
  custom:CustomObjectIndexerAttribute: 9a22284fe3817be447336de3de66b15e -> 
  custom:container-demuxer-webm: 4f35f7cbe854078d1ac9338744f61a02 -> 
  custom:container-muxer-webm: aa71ff27fc2769a1b78a27578f13a17b -> 
  custom:video-decoder-webm-vp8: 9c59270c3fd7afecdb556c50c9e8de78 -> 
  custom:SearchIndexIgnoredProperties: e643bd26f0fe6173181afceb89e7c659 -> 
  custom:AudioImporter_EditorPlatform: d09bf68614088b80899f8185d706f6e7 -> 
  custom:video-encoder-webm-vp8: eb34c28f22e8b96e1ab97ce403110664 -> 
  custom:audio-decoder-ogg-vorbis: bf7c407c2cedff20999df2af8eb42d56 -> 
  custom:audio-encoder-webm-vorbis: bf7c407c2cedff20999df2af8eb42d56 -> 
  custom:scripting/precompiled-assembly-types:Assembly-CSharp: 0c6bad6f748536e335cea59c81175e67 -> b7af8e27620098665de9fa658ac1471d
========================================================================
Received Prepare
Caller must complete domain reload
Begin MonoManager ReloadAssembly
Symbol file LoadedFromMemory is not a mono symbol file
- Loaded All Assemblies, in  0.552 seconds
Native extension for WindowsStandalone target not found
Native extension for Android target not found
Mono: successfully reloaded assembly
- Finished resetting the current domain, in  0.990 seconds
Domain Reload Profiling: 1535ms
	BeginReloadAssembly (150ms)
		ExecutionOrderSort (0ms)
		DisableScriptedObjects (4ms)
		BackupInstance (0ms)
		ReleaseScriptingObjects (0ms)
		CreateAndSetChildDomain (30ms)
	RebuildCommonClasses (28ms)
	RebuildNativeTypeToScriptingClass (8ms)
	initialDomainReloadingComplete (44ms)
	LoadAllAssembliesAndSetupDomain (316ms)
		LoadAssemblies (382ms)
		RebuildTransferFunctionScriptingTraits (0ms)
		AnalyzeDomain (21ms)
			TypeCache.Refresh (9ms)
				TypeCache.ScanAssembly (1ms)
			ScanForSourceGeneratedMonoScriptInfo (5ms)
			ResolveRequiredComponents (5ms)
	FinalizeReload (990ms)
		ReleaseScriptCaches (0ms)
		RebuildScriptCaches (0ms)
		SetupLoadedEditorAssemblies (387ms)
			LogAssemblyErrors (0ms)
			InitializePlatformSupportModulesInManaged (23ms)
			SetLoadedEditorAssemblies (3ms)
			RefreshPlugins (0ms)
			BeforeProcessingInitializeOnLoad (56ms)
			ProcessInitializeOnLoadAttributes (277ms)
			ProcessInitializeOnLoadMethodAttributes (17ms)
			AfterProcessingInitializeOnLoad (11ms)
			EditorAssembliesLoaded (0ms)
		ExecutionOrderSort2 (0ms)
		AwakeInstancesAfterBackupRestoration (5ms)
Refreshing native plugins compatible for Editor in 30.62 ms, found 10 plugins.
Preloading 0 native plugins for Editor in 0.00 ms.
Unloading 3931 Unused Serialized files (Serialized files now loaded: 0)
Unloading 42 unused Assets / (38.5 KB). Loaded Objects now: 4584.
Memory consumption went from 143.9 MB to 143.9 MB.
Total: 2.554300 ms (FindLiveObjects: 0.459400 ms CreateObjectMapping: 0.090200 ms MarkObjects: 1.951200 ms  DeleteObjects: 0.052700 ms)

Prepare: number of updated asset objects reloaded= 0
AssetImportParameters requested are different than current active one (requested -> active):
  custom:container-demuxer-ogg: 62fdf1f143b41e24485cea50d1cbac27 -> 
  custom:video-decoder-ogg-theora: a1e56fd34408186e4bbccfd4996cb3dc -> 
  custom:framework-win-MediaFoundation: 216162199b28c13a410421893ffa2e32 -> 
  custom:CustomObjectIndexerAttribute: 9a22284fe3817be447336de3de66b15e -> 
  custom:container-demuxer-webm: 4f35f7cbe854078d1ac9338744f61a02 -> 
  custom:container-muxer-webm: aa71ff27fc2769a1b78a27578f13a17b -> 
  custom:video-decoder-webm-vp8: 9c59270c3fd7afecdb556c50c9e8de78 -> 
  custom:SearchIndexIgnoredProperties: e643bd26f0fe6173181afceb89e7c659 -> 
  custom:AudioImporter_EditorPlatform: d09bf68614088b80899f8185d706f6e7 -> 
  custom:video-encoder-webm-vp8: eb34c28f22e8b96e1ab97ce403110664 -> 
  custom:audio-decoder-ogg-vorbis: bf7c407c2cedff20999df2af8eb42d56 -> 
  custom:audio-encoder-webm-vorbis: bf7c407c2cedff20999df2af8eb42d56 -> 
  custom:scripting/precompiled-assembly-types:Assembly-CSharp: 0c6bad6f748536e335cea59c81175e67 -> b7af8e27620098665de9fa658ac1471d
========================================================================
Received Prepare
Caller must complete domain reload
Begin MonoManager ReloadAssembly
Symbol file LoadedFromMemory is not a mono symbol file
- Loaded All Assemblies, in  0.580 seconds
Native extension for WindowsStandalone target not found
Native extension for Android target not found
Mono: successfully reloaded assembly
- Finished resetting the current domain, in  1.009 seconds
Domain Reload Profiling: 1584ms
	BeginReloadAssembly (174ms)
		ExecutionOrderSort (0ms)
		DisableScriptedObjects (2ms)
		BackupInstance (0ms)
		ReleaseScriptingObjects (0ms)
		CreateAndSetChildDomain (32ms)
	RebuildCommonClasses (27ms)
	RebuildNativeTypeToScriptingClass (9ms)
	initialDomainReloadingComplete (42ms)
	LoadAllAssembliesAndSetupDomain (322ms)
		LoadAssemblies (409ms)
		RebuildTransferFunctionScriptingTraits (0ms)
		AnalyzeDomain (22ms)
			TypeCache.Refresh (7ms)
				TypeCache.ScanAssembly (1ms)
			ScanForSourceGeneratedMonoScriptInfo (8ms)
			ResolveRequiredComponents (5ms)
	FinalizeReload (1009ms)
		ReleaseScriptCaches (0ms)
		RebuildScriptCaches (0ms)
		SetupLoadedEditorAssemblies (405ms)
			LogAssemblyErrors (0ms)
			InitializePlatformSupportModulesInManaged (22ms)
			SetLoadedEditorAssemblies (3ms)
			RefreshPlugins (0ms)
			BeforeProcessingInitializeOnLoad (63ms)
			ProcessInitializeOnLoadAttributes (287ms)
			ProcessInitializeOnLoadMethodAttributes (20ms)
			AfterProcessingInitializeOnLoad (10ms)
			EditorAssembliesLoaded (0ms)
		ExecutionOrderSort2 (0ms)
		AwakeInstancesAfterBackupRestoration (6ms)
Refreshing native plugins compatible for Editor in 28.65 ms, found 10 plugins.
Preloading 0 native plugins for Editor in 0.00 ms.
Unloading 3931 Unused Serialized files (Serialized files now loaded: 0)
Unloading 42 unused Assets / (38.5 KB). Loaded Objects now: 4588.
Memory consumption went from 143.9 MB to 143.9 MB.
Total: 2.537800 ms (FindLiveObjects: 0.289100 ms CreateObjectMapping: 0.057600 ms MarkObjects: 2.128000 ms  DeleteObjects: 0.061900 ms)

Prepare: number of updated asset objects reloaded= 0
AssetImportParameters requested are different than current active one (requested -> active):
  custom:container-demuxer-ogg: 62fdf1f143b41e24485cea50d1cbac27 -> 
  custom:video-decoder-ogg-theora: a1e56fd34408186e4bbccfd4996cb3dc -> 
  custom:framework-win-MediaFoundation: 216162199b28c13a410421893ffa2e32 -> 
  custom:CustomObjectIndexerAttribute: 9a22284fe3817be447336de3de66b15e -> 
  custom:container-demuxer-webm: 4f35f7cbe854078d1ac9338744f61a02 -> 
  custom:container-muxer-webm: aa71ff27fc2769a1b78a27578f13a17b -> 
  custom:video-decoder-webm-vp8: 9c59270c3fd7afecdb556c50c9e8de78 -> 
  custom:SearchIndexIgnoredProperties: e643bd26f0fe6173181afceb89e7c659 -> 
  custom:AudioImporter_EditorPlatform: d09bf68614088b80899f8185d706f6e7 -> 
  custom:video-encoder-webm-vp8: eb34c28f22e8b96e1ab97ce403110664 -> 
  custom:audio-decoder-ogg-vorbis: bf7c407c2cedff20999df2af8eb42d56 -> 
  custom:audio-encoder-webm-vorbis: bf7c407c2cedff20999df2af8eb42d56 -> 
  custom:scripting/precompiled-assembly-types:Assembly-CSharp: 0c6bad6f748536e335cea59c81175e67 -> b7af8e27620098665de9fa658ac1471d
========================================================================
Received Prepare
Caller must complete domain reload
Begin MonoManager ReloadAssembly
Symbol file LoadedFromMemory is not a mono symbol file
- Loaded All Assemblies, in  0.570 seconds
Native extension for WindowsStandalone target not found
Native extension for Android target not found
Mono: successfully reloaded assembly
- Finished resetting the current domain, in  1.059 seconds
Domain Reload Profiling: 1623ms
	BeginReloadAssembly (145ms)
		ExecutionOrderSort (0ms)
		DisableScriptedObjects (4ms)
		BackupInstance (0ms)
		ReleaseScriptingObjects (0ms)
		CreateAndSetChildDomain (31ms)
	RebuildCommonClasses (27ms)
	RebuildNativeTypeToScriptingClass (8ms)
	initialDomainReloadingComplete (46ms)
	LoadAllAssembliesAndSetupDomain (338ms)
		LoadAssemblies (391ms)
		RebuildTransferFunctionScriptingTraits (0ms)
		AnalyzeDomain (27ms)
			TypeCache.Refresh (8ms)
				TypeCache.ScanAssembly (1ms)
			ScanForSourceGeneratedMonoScriptInfo (9ms)
			ResolveRequiredComponents (7ms)
	FinalizeReload (1059ms)
		ReleaseScriptCaches (0ms)
		RebuildScriptCaches (0ms)
		SetupLoadedEditorAssemblies (402ms)
			LogAssemblyErrors (0ms)
			InitializePlatformSupportModulesInManaged (27ms)
			SetLoadedEditorAssemblies (4ms)
			RefreshPlugins (0ms)
			BeforeProcessingInitializeOnLoad (64ms)
			ProcessInitializeOnLoadAttributes (277ms)
			ProcessInitializeOnLoadMethodAttributes (18ms)
			AfterProcessingInitializeOnLoad (11ms)
			EditorAssembliesLoaded (0ms)
		ExecutionOrderSort2 (0ms)
		AwakeInstancesAfterBackupRestoration (5ms)
Refreshing native plugins compatible for Editor in 29.22 ms, found 10 plugins.
Preloading 0 native plugins for Editor in 0.00 ms.
Unloading 3931 Unused Serialized files (Serialized files now loaded: 0)
Unloading 42 unused Assets / (38.4 KB). Loaded Objects now: 4592.
Memory consumption went from 143.9 MB to 143.9 MB.
Total: 2.794900 ms (FindLiveObjects: 0.266900 ms CreateObjectMapping: 0.053600 ms MarkObjects: 2.394700 ms  DeleteObjects: 0.078900 ms)

Prepare: number of updated asset objects reloaded= 0
AssetImportParameters requested are different than current active one (requested -> active):
  custom:container-demuxer-ogg: 62fdf1f143b41e24485cea50d1cbac27 -> 
  custom:video-decoder-ogg-theora: a1e56fd34408186e4bbccfd4996cb3dc -> 
  custom:framework-win-MediaFoundation: 216162199b28c13a410421893ffa2e32 -> 
  custom:CustomObjectIndexerAttribute: 9a22284fe3817be447336de3de66b15e -> 
  custom:container-demuxer-webm: 4f35f7cbe854078d1ac9338744f61a02 -> 
  custom:container-muxer-webm: aa71ff27fc2769a1b78a27578f13a17b -> 
  custom:video-decoder-webm-vp8: 9c59270c3fd7afecdb556c50c9e8de78 -> 
  custom:SearchIndexIgnoredProperties: e643bd26f0fe6173181afceb89e7c659 -> 
  custom:AudioImporter_EditorPlatform: d09bf68614088b80899f8185d706f6e7 -> 
  custom:video-encoder-webm-vp8: eb34c28f22e8b96e1ab97ce403110664 -> 
  custom:audio-decoder-ogg-vorbis: bf7c407c2cedff20999df2af8eb42d56 -> 
  custom:audio-encoder-webm-vorbis: bf7c407c2cedff20999df2af8eb42d56 -> 
  custom:scripting/precompiled-assembly-types:Assembly-CSharp: e2a162af377507ede95911f2a96175f3 -> b7af8e27620098665de9fa658ac1471d
========================================================================
Received Prepare
Caller must complete domain reload
Begin MonoManager ReloadAssembly
Symbol file LoadedFromMemory is not a mono symbol file
- Loaded All Assemblies, in  0.582 seconds
Native extension for WindowsStandalone target not found
Native extension for Android target not found
Mono: successfully reloaded assembly
- Finished resetting the current domain, in  1.017 seconds
Domain Reload Profiling: 1592ms
	BeginReloadAssembly (150ms)
		ExecutionOrderSort (0ms)
		DisableScriptedObjects (3ms)
		BackupInstance (0ms)
		ReleaseScriptingObjects (0ms)
		CreateAndSetChildDomain (33ms)
	RebuildCommonClasses (25ms)
	RebuildNativeTypeToScriptingClass (10ms)
	initialDomainReloadingComplete (56ms)
	LoadAllAssembliesAndSetupDomain (335ms)
		LoadAssemblies (392ms)
		RebuildTransferFunctionScriptingTraits (0ms)
		AnalyzeDomain (24ms)
			TypeCache.Refresh (8ms)
				TypeCache.ScanAssembly (1ms)
			ScanForSourceGeneratedMonoScriptInfo (7ms)
			ResolveRequiredComponents (6ms)
	FinalizeReload (1018ms)
		ReleaseScriptCaches (0ms)
		RebuildScriptCaches (0ms)
		SetupLoadedEditorAssemblies (394ms)
			LogAssemblyErrors (0ms)
			InitializePlatformSupportModulesInManaged (23ms)
			SetLoadedEditorAssemblies (3ms)
			RefreshPlugins (0ms)
			BeforeProcessingInitializeOnLoad (58ms)
			ProcessInitializeOnLoadAttributes (277ms)
			ProcessInitializeOnLoadMethodAttributes (21ms)
			AfterProcessingInitializeOnLoad (11ms)
			EditorAssembliesLoaded (0ms)
		ExecutionOrderSort2 (0ms)
		AwakeInstancesAfterBackupRestoration (5ms)
Refreshing native plugins compatible for Editor in 32.03 ms, found 10 plugins.
Preloading 0 native plugins for Editor in 0.00 ms.
Unloading 3931 Unused Serialized files (Serialized files now loaded: 0)
Unloading 42 unused Assets / (38.5 KB). Loaded Objects now: 4596.
Memory consumption went from 143.9 MB to 143.9 MB.
Total: 3.937600 ms (FindLiveObjects: 0.524500 ms CreateObjectMapping: 0.114900 ms MarkObjects: 3.207600 ms  DeleteObjects: 0.089200 ms)

Prepare: number of updated asset objects reloaded= 0
AssetImportParameters requested are different than current active one (requested -> active):
  custom:container-demuxer-ogg: 62fdf1f143b41e24485cea50d1cbac27 -> 
  custom:video-decoder-ogg-theora: a1e56fd34408186e4bbccfd4996cb3dc -> 
  custom:framework-win-MediaFoundation: 216162199b28c13a410421893ffa2e32 -> 
  custom:CustomObjectIndexerAttribute: 9a22284fe3817be447336de3de66b15e -> 
  custom:container-demuxer-webm: 4f35f7cbe854078d1ac9338744f61a02 -> 
  custom:container-muxer-webm: aa71ff27fc2769a1b78a27578f13a17b -> 
  custom:video-decoder-webm-vp8: 9c59270c3fd7afecdb556c50c9e8de78 -> 
  custom:SearchIndexIgnoredProperties: e643bd26f0fe6173181afceb89e7c659 -> 
  custom:AudioImporter_EditorPlatform: d09bf68614088b80899f8185d706f6e7 -> 
  custom:video-encoder-webm-vp8: eb34c28f22e8b96e1ab97ce403110664 -> 
  custom:audio-decoder-ogg-vorbis: bf7c407c2cedff20999df2af8eb42d56 -> 
  custom:audio-encoder-webm-vorbis: bf7c407c2cedff20999df2af8eb42d56 -> 
  custom:scripting/precompiled-assembly-types:Assembly-CSharp: e2a162af377507ede95911f2a96175f3 -> b7af8e27620098665de9fa658ac1471d
========================================================================
Received Prepare
Caller must complete domain reload
Begin MonoManager ReloadAssembly
Symbol file LoadedFromMemory is not a mono symbol file
- Loaded All Assemblies, in  0.614 seconds
Native extension for WindowsStandalone target not found
Native extension for Android target not found
Mono: successfully reloaded assembly
- Finished resetting the current domain, in  1.006 seconds
Domain Reload Profiling: 1614ms
	BeginReloadAssembly (166ms)
		ExecutionOrderSort (0ms)
		DisableScriptedObjects (5ms)
		BackupInstance (0ms)
		ReleaseScriptingObjects (0ms)
		CreateAndSetChildDomain (33ms)
	RebuildCommonClasses (31ms)
	RebuildNativeTypeToScriptingClass (11ms)
	initialDomainReloadingComplete (51ms)
	LoadAllAssembliesAndSetupDomain (349ms)
		LoadAssemblies (414ms)
		RebuildTransferFunctionScriptingTraits (0ms)
		AnalyzeDomain (23ms)
			TypeCache.Refresh (8ms)
				TypeCache.ScanAssembly (1ms)
			ScanForSourceGeneratedMonoScriptInfo (7ms)
			ResolveRequiredComponents (7ms)
	FinalizeReload (1006ms)
		ReleaseScriptCaches (0ms)
		RebuildScriptCaches (0ms)
		SetupLoadedEditorAssemblies (392ms)
			LogAssemblyErrors (0ms)
			InitializePlatformSupportModulesInManaged (22ms)
			SetLoadedEditorAssemblies (4ms)
			RefreshPlugins (0ms)
			BeforeProcessingInitializeOnLoad (57ms)
			ProcessInitializeOnLoadAttributes (277ms)
			ProcessInitializeOnLoadMethodAttributes (19ms)
			AfterProcessingInitializeOnLoad (12ms)
			EditorAssembliesLoaded (0ms)
		ExecutionOrderSort2 (0ms)
		AwakeInstancesAfterBackupRestoration (5ms)
Refreshing native plugins compatible for Editor in 34.93 ms, found 10 plugins.
Preloading 0 native plugins for Editor in 0.00 ms.
Unloading 3931 Unused Serialized files (Serialized files now loaded: 0)
Unloading 42 unused Assets / (38.6 KB). Loaded Objects now: 4600.
Memory consumption went from 143.9 MB to 143.9 MB.
Total: 2.742700 ms (FindLiveObjects: 0.293100 ms CreateObjectMapping: 0.058300 ms MarkObjects: 2.313500 ms  DeleteObjects: 0.077000 ms)

Prepare: number of updated asset objects reloaded= 0
AssetImportParameters requested are different than current active one (requested -> active):
  custom:container-demuxer-ogg: 62fdf1f143b41e24485cea50d1cbac27 -> 
  custom:video-decoder-ogg-theora: a1e56fd34408186e4bbccfd4996cb3dc -> 
  custom:framework-win-MediaFoundation: 216162199b28c13a410421893ffa2e32 -> 
  custom:CustomObjectIndexerAttribute: 9a22284fe3817be447336de3de66b15e -> 
  custom:container-demuxer-webm: 4f35f7cbe854078d1ac9338744f61a02 -> 
  custom:container-muxer-webm: aa71ff27fc2769a1b78a27578f13a17b -> 
  custom:video-decoder-webm-vp8: 9c59270c3fd7afecdb556c50c9e8de78 -> 
  custom:SearchIndexIgnoredProperties: e643bd26f0fe6173181afceb89e7c659 -> 
  custom:AudioImporter_EditorPlatform: d09bf68614088b80899f8185d706f6e7 -> 
  custom:video-encoder-webm-vp8: eb34c28f22e8b96e1ab97ce403110664 -> 
  custom:audio-decoder-ogg-vorbis: bf7c407c2cedff20999df2af8eb42d56 -> 
  custom:audio-encoder-webm-vorbis: bf7c407c2cedff20999df2af8eb42d56 -> 
  custom:scripting/precompiled-assembly-types:Assembly-CSharp: e2a162af377507ede95911f2a96175f3 -> b7af8e27620098665de9fa658ac1471d
========================================================================
Received Prepare
Caller must complete domain reload
Begin MonoManager ReloadAssembly
Symbol file LoadedFromMemory is not a mono symbol file
- Loaded All Assemblies, in  0.558 seconds
Native extension for WindowsStandalone target not found
Native extension for Android target not found
Mono: successfully reloaded assembly
- Finished resetting the current domain, in  1.013 seconds
Domain Reload Profiling: 1566ms
	BeginReloadAssembly (149ms)
		ExecutionOrderSort (0ms)
		DisableScriptedObjects (3ms)
		BackupInstance (0ms)
		ReleaseScriptingObjects (0ms)
		CreateAndSetChildDomain (32ms)
	RebuildCommonClasses (25ms)
	RebuildNativeTypeToScriptingClass (10ms)
	initialDomainReloadingComplete (45ms)
	LoadAllAssembliesAndSetupDomain (323ms)
		LoadAssemblies (386ms)
		RebuildTransferFunctionScriptingTraits (0ms)
		AnalyzeDomain (21ms)
			TypeCache.Refresh (8ms)
				TypeCache.ScanAssembly (1ms)
			ScanForSourceGeneratedMonoScriptInfo (6ms)
			ResolveRequiredComponents (5ms)
	FinalizeReload (1013ms)
		ReleaseScriptCaches (0ms)
		RebuildScriptCaches (0ms)
		SetupLoadedEditorAssemblies (382ms)
			LogAssemblyErrors (0ms)
			InitializePlatformSupportModulesInManaged (22ms)
			SetLoadedEditorAssemblies (3ms)
			RefreshPlugins (0ms)
			BeforeProcessingInitializeOnLoad (56ms)
			ProcessInitializeOnLoadAttributes (272ms)
			ProcessInitializeOnLoadMethodAttributes (18ms)
			AfterProcessingInitializeOnLoad (11ms)
			EditorAssembliesLoaded (0ms)
		ExecutionOrderSort2 (0ms)
		AwakeInstancesAfterBackupRestoration (5ms)
Refreshing native plugins compatible for Editor in 31.74 ms, found 10 plugins.
Preloading 0 native plugins for Editor in 0.00 ms.
Unloading 3931 Unused Serialized files (Serialized files now loaded: 0)
Unloading 42 unused Assets / (38.5 KB). Loaded Objects now: 4604.
Memory consumption went from 144.0 MB to 143.9 MB.
Total: 3.800100 ms (FindLiveObjects: 0.541900 ms CreateObjectMapping: 0.215100 ms MarkObjects: 2.964000 ms  DeleteObjects: 0.077900 ms)

Prepare: number of updated asset objects reloaded= 0
AssetImportParameters requested are different than current active one (requested -> active):
  custom:container-demuxer-ogg: 62fdf1f143b41e24485cea50d1cbac27 -> 
  custom:video-decoder-ogg-theora: a1e56fd34408186e4bbccfd4996cb3dc -> 
  custom:framework-win-MediaFoundation: 216162199b28c13a410421893ffa2e32 -> 
  custom:CustomObjectIndexerAttribute: 9a22284fe3817be447336de3de66b15e -> 
  custom:container-demuxer-webm: 4f35f7cbe854078d1ac9338744f61a02 -> 
  custom:container-muxer-webm: aa71ff27fc2769a1b78a27578f13a17b -> 
  custom:video-decoder-webm-vp8: 9c59270c3fd7afecdb556c50c9e8de78 -> 
  custom:SearchIndexIgnoredProperties: e643bd26f0fe6173181afceb89e7c659 -> 
  custom:AudioImporter_EditorPlatform: d09bf68614088b80899f8185d706f6e7 -> 
  custom:video-encoder-webm-vp8: eb34c28f22e8b96e1ab97ce403110664 -> 
  custom:audio-decoder-ogg-vorbis: bf7c407c2cedff20999df2af8eb42d56 -> 
  custom:audio-encoder-webm-vorbis: bf7c407c2cedff20999df2af8eb42d56 -> 
  custom:scripting/precompiled-assembly-types:Assembly-CSharp: e2a162af377507ede95911f2a96175f3 -> b7af8e27620098665de9fa658ac1471d
========================================================================
Received Prepare
Caller must complete domain reload
Begin MonoManager ReloadAssembly
Symbol file LoadedFromMemory is not a mono symbol file
- Loaded All Assemblies, in  0.540 seconds
Native extension for WindowsStandalone target not found
Native extension for Android target not found
Mono: successfully reloaded assembly
- Finished resetting the current domain, in  0.989 seconds
Domain Reload Profiling: 1524ms
	BeginReloadAssembly (140ms)
		ExecutionOrderSort (0ms)
		DisableScriptedObjects (2ms)
		BackupInstance (0ms)
		ReleaseScriptingObjects (0ms)
		CreateAndSetChildDomain (30ms)
	RebuildCommonClasses (26ms)
	RebuildNativeTypeToScriptingClass (10ms)
	initialDomainReloadingComplete (44ms)
	LoadAllAssembliesAndSetupDomain (314ms)
		LoadAssemblies (369ms)
		RebuildTransferFunctionScriptingTraits (0ms)
		AnalyzeDomain (22ms)
			TypeCache.Refresh (9ms)
				TypeCache.ScanAssembly (1ms)
			ScanForSourceGeneratedMonoScriptInfo (6ms)
			ResolveRequiredComponents (5ms)
	FinalizeReload (990ms)
		ReleaseScriptCaches (0ms)
		RebuildScriptCaches (0ms)
		SetupLoadedEditorAssemblies (382ms)
			LogAssemblyErrors (0ms)
			InitializePlatformSupportModulesInManaged (25ms)
			SetLoadedEditorAssemblies (3ms)
			RefreshPlugins (0ms)
			BeforeProcessingInitializeOnLoad (57ms)
			ProcessInitializeOnLoadAttributes (269ms)
			ProcessInitializeOnLoadMethodAttributes (17ms)
			AfterProcessingInitializeOnLoad (10ms)
			EditorAssembliesLoaded (0ms)
		ExecutionOrderSort2 (0ms)
		AwakeInstancesAfterBackupRestoration (5ms)
Refreshing native plugins compatible for Editor in 40.08 ms, found 10 plugins.
Preloading 0 native plugins for Editor in 0.00 ms.
Unloading 3931 Unused Serialized files (Serialized files now loaded: 0)
Unloading 42 unused Assets / (38.5 KB). Loaded Objects now: 4608.
Memory consumption went from 144.0 MB to 143.9 MB.
Total: 2.865100 ms (FindLiveObjects: 0.509200 ms CreateObjectMapping: 0.110000 ms MarkObjects: 2.181800 ms  DeleteObjects: 0.062900 ms)

Prepare: number of updated asset objects reloaded= 0
AssetImportParameters requested are different than current active one (requested -> active):
  custom:container-demuxer-ogg: 62fdf1f143b41e24485cea50d1cbac27 -> 
  custom:video-decoder-ogg-theora: a1e56fd34408186e4bbccfd4996cb3dc -> 
  custom:framework-win-MediaFoundation: 216162199b28c13a410421893ffa2e32 -> 
  custom:CustomObjectIndexerAttribute: 9a22284fe3817be447336de3de66b15e -> 
  custom:container-demuxer-webm: 4f35f7cbe854078d1ac9338744f61a02 -> 
  custom:container-muxer-webm: aa71ff27fc2769a1b78a27578f13a17b -> 
  custom:video-decoder-webm-vp8: 9c59270c3fd7afecdb556c50c9e8de78 -> 
  custom:SearchIndexIgnoredProperties: e643bd26f0fe6173181afceb89e7c659 -> 
  custom:AudioImporter_EditorPlatform: d09bf68614088b80899f8185d706f6e7 -> 
  custom:video-encoder-webm-vp8: eb34c28f22e8b96e1ab97ce403110664 -> 
  custom:audio-decoder-ogg-vorbis: bf7c407c2cedff20999df2af8eb42d56 -> 
  custom:audio-encoder-webm-vorbis: bf7c407c2cedff20999df2af8eb42d56 -> 
  custom:scripting/precompiled-assembly-types:Assembly-CSharp: e2a162af377507ede95911f2a96175f3 -> b7af8e27620098665de9fa658ac1471d
========================================================================
Received Prepare
Caller must complete domain reload
Begin MonoManager ReloadAssembly
Symbol file LoadedFromMemory is not a mono symbol file
- Loaded All Assemblies, in  0.559 seconds
Native extension for WindowsStandalone target not found
Native extension for Android target not found
Mono: successfully reloaded assembly
- Finished resetting the current domain, in  1.021 seconds
Domain Reload Profiling: 1575ms
	BeginReloadAssembly (145ms)
		ExecutionOrderSort (0ms)
		DisableScriptedObjects (3ms)
		BackupInstance (0ms)
		ReleaseScriptingObjects (0ms)
		CreateAndSetChildDomain (32ms)
	RebuildCommonClasses (26ms)
	RebuildNativeTypeToScriptingClass (8ms)
	initialDomainReloadingComplete (47ms)
	LoadAllAssembliesAndSetupDomain (327ms)
		LoadAssemblies (382ms)
		RebuildTransferFunctionScriptingTraits (0ms)
		AnalyzeDomain (23ms)
			TypeCache.Refresh (9ms)
				TypeCache.ScanAssembly (1ms)
			ScanForSourceGeneratedMonoScriptInfo (7ms)
			ResolveRequiredComponents (6ms)
	FinalizeReload (1021ms)
		ReleaseScriptCaches (0ms)
		RebuildScriptCaches (0ms)
		SetupLoadedEditorAssemblies (391ms)
			LogAssemblyErrors (0ms)
			InitializePlatformSupportModulesInManaged (24ms)
			SetLoadedEditorAssemblies (3ms)
			RefreshPlugins (0ms)
			BeforeProcessingInitializeOnLoad (55ms)
			ProcessInitializeOnLoadAttributes (276ms)
			ProcessInitializeOnLoadMethodAttributes (20ms)
			AfterProcessingInitializeOnLoad (13ms)
			EditorAssembliesLoaded (0ms)
		ExecutionOrderSort2 (0ms)
		AwakeInstancesAfterBackupRestoration (5ms)
Refreshing native plugins compatible for Editor in 29.47 ms, found 10 plugins.
Preloading 0 native plugins for Editor in 0.00 ms.
Unloading 3931 Unused Serialized files (Serialized files now loaded: 0)
Unloading 42 unused Assets / (38.5 KB). Loaded Objects now: 4612.
Memory consumption went from 144.0 MB to 143.9 MB.
Total: 2.557600 ms (FindLiveObjects: 0.493300 ms CreateObjectMapping: 0.095500 ms MarkObjects: 1.913200 ms  DeleteObjects: 0.054700 ms)

Prepare: number of updated asset objects reloaded= 0
AssetImportParameters requested are different than current active one (requested -> active):
  custom:container-demuxer-ogg: 62fdf1f143b41e24485cea50d1cbac27 -> 
  custom:video-decoder-ogg-theora: a1e56fd34408186e4bbccfd4996cb3dc -> 
  custom:framework-win-MediaFoundation: 216162199b28c13a410421893ffa2e32 -> 
  custom:CustomObjectIndexerAttribute: 9a22284fe3817be447336de3de66b15e -> 
  custom:container-demuxer-webm: 4f35f7cbe854078d1ac9338744f61a02 -> 
  custom:container-muxer-webm: aa71ff27fc2769a1b78a27578f13a17b -> 
  custom:video-decoder-webm-vp8: 9c59270c3fd7afecdb556c50c9e8de78 -> 
  custom:SearchIndexIgnoredProperties: e643bd26f0fe6173181afceb89e7c659 -> 
  custom:AudioImporter_EditorPlatform: d09bf68614088b80899f8185d706f6e7 -> 
  custom:video-encoder-webm-vp8: eb34c28f22e8b96e1ab97ce403110664 -> 
  custom:audio-decoder-ogg-vorbis: bf7c407c2cedff20999df2af8eb42d56 -> 
  custom:audio-encoder-webm-vorbis: bf7c407c2cedff20999df2af8eb42d56 -> 
  custom:scripting/precompiled-assembly-types:Assembly-CSharp: e2a162af377507ede95911f2a96175f3 -> b7af8e27620098665de9fa658ac1471d
========================================================================
Received Prepare
Caller must complete domain reload
Begin MonoManager ReloadAssembly
Symbol file LoadedFromMemory is not a mono symbol file
- Loaded All Assemblies, in  0.553 seconds
Native extension for WindowsStandalone target not found
Native extension for Android target not found
Mono: successfully reloaded assembly
- Finished resetting the current domain, in  1.002 seconds
Domain Reload Profiling: 1548ms
	BeginReloadAssembly (147ms)
		ExecutionOrderSort (0ms)
		DisableScriptedObjects (4ms)
		BackupInstance (0ms)
		ReleaseScriptingObjects (0ms)
		CreateAndSetChildDomain (33ms)
	RebuildCommonClasses (26ms)
	RebuildNativeTypeToScriptingClass (10ms)
	initialDomainReloadingComplete (47ms)
	LoadAllAssembliesAndSetupDomain (318ms)
		LoadAssemblies (376ms)
		RebuildTransferFunctionScriptingTraits (0ms)
		AnalyzeDomain (20ms)
			TypeCache.Refresh (8ms)
				TypeCache.ScanAssembly (1ms)
			ScanForSourceGeneratedMonoScriptInfo (7ms)
			ResolveRequiredComponents (4ms)
	FinalizeReload (1002ms)
		ReleaseScriptCaches (0ms)
		RebuildScriptCaches (0ms)
		SetupLoadedEditorAssemblies (383ms)
			LogAssemblyErrors (0ms)
			InitializePlatformSupportModulesInManaged (25ms)
			SetLoadedEditorAssemblies (3ms)
			RefreshPlugins (0ms)
			BeforeProcessingInitializeOnLoad (56ms)
			ProcessInitializeOnLoadAttributes (269ms)
			ProcessInitializeOnLoadMethodAttributes (18ms)
			AfterProcessingInitializeOnLoad (12ms)
			EditorAssembliesLoaded (0ms)
		ExecutionOrderSort2 (0ms)
		AwakeInstancesAfterBackupRestoration (5ms)
Refreshing native plugins compatible for Editor in 29.72 ms, found 10 plugins.
Preloading 0 native plugins for Editor in 0.00 ms.
Unloading 3931 Unused Serialized files (Serialized files now loaded: 0)
Unloading 42 unused Assets / (38.5 KB). Loaded Objects now: 4616.
Memory consumption went from 144.0 MB to 143.9 MB.
Total: 3.543400 ms (FindLiveObjects: 0.337000 ms CreateObjectMapping: 0.083300 ms MarkObjects: 3.031800 ms  DeleteObjects: 0.090600 ms)

Prepare: number of updated asset objects reloaded= 0
AssetImportParameters requested are different than current active one (requested -> active):
  custom:container-demuxer-ogg: 62fdf1f143b41e24485cea50d1cbac27 -> 
  custom:video-decoder-ogg-theora: a1e56fd34408186e4bbccfd4996cb3dc -> 
  custom:framework-win-MediaFoundation: 216162199b28c13a410421893ffa2e32 -> 
  custom:CustomObjectIndexerAttribute: 9a22284fe3817be447336de3de66b15e -> 
  custom:container-demuxer-webm: 4f35f7cbe854078d1ac9338744f61a02 -> 
  custom:container-muxer-webm: aa71ff27fc2769a1b78a27578f13a17b -> 
  custom:video-decoder-webm-vp8: 9c59270c3fd7afecdb556c50c9e8de78 -> 
  custom:SearchIndexIgnoredProperties: e643bd26f0fe6173181afceb89e7c659 -> 
  custom:AudioImporter_EditorPlatform: d09bf68614088b80899f8185d706f6e7 -> 
  custom:video-encoder-webm-vp8: eb34c28f22e8b96e1ab97ce403110664 -> 
  custom:audio-decoder-ogg-vorbis: bf7c407c2cedff20999df2af8eb42d56 -> 
  custom:audio-encoder-webm-vorbis: bf7c407c2cedff20999df2af8eb42d56 -> 
  custom:scripting/precompiled-assembly-types:Assembly-CSharp: e2a162af377507ede95911f2a96175f3 -> b7af8e27620098665de9fa658ac1471d
========================================================================
Received Prepare
Caller must complete domain reload
Begin MonoManager ReloadAssembly
Symbol file LoadedFromMemory is not a mono symbol file
- Loaded All Assemblies, in  0.544 seconds
Native extension for WindowsStandalone target not found
Native extension for Android target not found
Mono: successfully reloaded assembly
- Finished resetting the current domain, in  0.990 seconds
Domain Reload Profiling: 1528ms
	BeginReloadAssembly (146ms)
		ExecutionOrderSort (0ms)
		DisableScriptedObjects (3ms)
		BackupInstance (0ms)
		ReleaseScriptingObjects (0ms)
		CreateAndSetChildDomain (31ms)
	RebuildCommonClasses (27ms)
	RebuildNativeTypeToScriptingClass (9ms)
	initialDomainReloadingComplete (43ms)
	LoadAllAssembliesAndSetupDomain (312ms)
		LoadAssemblies (372ms)
		RebuildTransferFunctionScriptingTraits (0ms)
		AnalyzeDomain (23ms)
			TypeCache.Refresh (9ms)
				TypeCache.ScanAssembly (1ms)
			ScanForSourceGeneratedMonoScriptInfo (6ms)
			ResolveRequiredComponents (6ms)
	FinalizeReload (991ms)
		ReleaseScriptCaches (0ms)
		RebuildScriptCaches (0ms)
		SetupLoadedEditorAssemblies (386ms)
			LogAssemblyErrors (0ms)
			InitializePlatformSupportModulesInManaged (24ms)
			SetLoadedEditorAssemblies (4ms)
			RefreshPlugins (0ms)
			BeforeProcessingInitializeOnLoad (58ms)
			ProcessInitializeOnLoadAttributes (269ms)
			ProcessInitializeOnLoadMethodAttributes (22ms)
			AfterProcessingInitializeOnLoad (10ms)
			EditorAssembliesLoaded (0ms)
		ExecutionOrderSort2 (0ms)
		AwakeInstancesAfterBackupRestoration (5ms)
Refreshing native plugins compatible for Editor in 30.86 ms, found 10 plugins.
Preloading 0 native plugins for Editor in 0.00 ms.
Unloading 3931 Unused Serialized files (Serialized files now loaded: 0)
Unloading 42 unused Assets / (38.5 KB). Loaded Objects now: 4620.
Memory consumption went from 144.0 MB to 143.9 MB.
Total: 3.295000 ms (FindLiveObjects: 0.476300 ms CreateObjectMapping: 0.090500 ms MarkObjects: 2.662600 ms  DeleteObjects: 0.064800 ms)

Prepare: number of updated asset objects reloaded= 0
AssetImportParameters requested are different than current active one (requested -> active):
  custom:container-demuxer-ogg: 62fdf1f143b41e24485cea50d1cbac27 -> 
  custom:video-decoder-ogg-theora: a1e56fd34408186e4bbccfd4996cb3dc -> 
  custom:framework-win-MediaFoundation: 216162199b28c13a410421893ffa2e32 -> 
  custom:CustomObjectIndexerAttribute: 9a22284fe3817be447336de3de66b15e -> 
  custom:container-demuxer-webm: 4f35f7cbe854078d1ac9338744f61a02 -> 
  custom:container-muxer-webm: aa71ff27fc2769a1b78a27578f13a17b -> 
  custom:video-decoder-webm-vp8: 9c59270c3fd7afecdb556c50c9e8de78 -> 
  custom:SearchIndexIgnoredProperties: e643bd26f0fe6173181afceb89e7c659 -> 
  custom:AudioImporter_EditorPlatform: d09bf68614088b80899f8185d706f6e7 -> 
  custom:video-encoder-webm-vp8: eb34c28f22e8b96e1ab97ce403110664 -> 
  custom:audio-decoder-ogg-vorbis: bf7c407c2cedff20999df2af8eb42d56 -> 
  custom:audio-encoder-webm-vorbis: bf7c407c2cedff20999df2af8eb42d56 -> 
  custom:scripting/precompiled-assembly-types:Assembly-CSharp: e2a162af377507ede95911f2a96175f3 -> b7af8e27620098665de9fa658ac1471d
========================================================================
Received Prepare
Refreshing native plugins compatible for Editor in 31.71 ms, found 10 plugins.
Preloading 0 native plugins for Editor in 0.00 ms.
Unloading 1 Unused Serialized files (Serialized files now loaded: 0)
Unloading 1 unused Assets / (3.1 KB). Loaded Objects now: 4620.
Memory consumption went from 82.7 MB to 82.7 MB.
Total: 2.510500 ms (FindLiveObjects: 0.274000 ms CreateObjectMapping: 0.054300 ms MarkObjects: 2.166500 ms  DeleteObjects: 0.015100 ms)

Prepare: number of updated asset objects reloaded= 0
AssetImportParameters requested are different than current active one (requested -> active):
  custom:container-demuxer-ogg: 62fdf1f143b41e24485cea50d1cbac27 -> 
  custom:video-decoder-ogg-theora: a1e56fd34408186e4bbccfd4996cb3dc -> 
  custom:framework-win-MediaFoundation: 216162199b28c13a410421893ffa2e32 -> 
  custom:CustomObjectIndexerAttribute: 9a22284fe3817be447336de3de66b15e -> 
  custom:container-demuxer-webm: 4f35f7cbe854078d1ac9338744f61a02 -> 
  custom:container-muxer-webm: aa71ff27fc2769a1b78a27578f13a17b -> 
  custom:video-decoder-webm-vp8: 9c59270c3fd7afecdb556c50c9e8de78 -> 
  custom:SearchIndexIgnoredProperties: e643bd26f0fe6173181afceb89e7c659 -> 
  custom:AudioImporter_EditorPlatform: d09bf68614088b80899f8185d706f6e7 -> 
  custom:video-encoder-webm-vp8: eb34c28f22e8b96e1ab97ce403110664 -> 
  custom:audio-decoder-ogg-vorbis: bf7c407c2cedff20999df2af8eb42d56 -> 
  custom:audio-encoder-webm-vorbis: bf7c407c2cedff20999df2af8eb42d56 -> 
  custom:scripting/precompiled-assembly-types:Assembly-CSharp: e2a162af377507ede95911f2a96175f3 -> b7af8e27620098665de9fa658ac1471d
========================================================================
Received Prepare
Caller must complete domain reload
Begin MonoManager ReloadAssembly
Symbol file LoadedFromMemory is not a mono symbol file
- Loaded All Assemblies, in  0.566 seconds
Native extension for WindowsStandalone target not found
Native extension for Android target not found
Mono: successfully reloaded assembly
- Finished resetting the current domain, in  1.057 seconds
Domain Reload Profiling: 1616ms
	BeginReloadAssembly (148ms)
		ExecutionOrderSort (0ms)
		DisableScriptedObjects (3ms)
		BackupInstance (0ms)
		ReleaseScriptingObjects (0ms)
		CreateAndSetChildDomain (35ms)
	RebuildCommonClasses (25ms)
	RebuildNativeTypeToScriptingClass (9ms)
	initialDomainReloadingComplete (46ms)
	LoadAllAssembliesAndSetupDomain (331ms)
		LoadAssemblies (387ms)
		RebuildTransferFunctionScriptingTraits (0ms)
		AnalyzeDomain (22ms)
			TypeCache.Refresh (9ms)
				TypeCache.ScanAssembly (1ms)
			ScanForSourceGeneratedMonoScriptInfo (7ms)
			ResolveRequiredComponents (5ms)
	FinalizeReload (1057ms)
		ReleaseScriptCaches (0ms)
		RebuildScriptCaches (0ms)
		SetupLoadedEditorAssemblies (408ms)
			LogAssemblyErrors (0ms)
			InitializePlatformSupportModulesInManaged (24ms)
			SetLoadedEditorAssemblies (4ms)
			RefreshPlugins (0ms)
			BeforeProcessingInitializeOnLoad (66ms)
			ProcessInitializeOnLoadAttributes (283ms)
			ProcessInitializeOnLoadMethodAttributes (19ms)
			AfterProcessingInitializeOnLoad (11ms)
			EditorAssembliesLoaded (0ms)
		ExecutionOrderSort2 (0ms)
		AwakeInstancesAfterBackupRestoration (5ms)
Refreshing native plugins compatible for Editor in 31.79 ms, found 10 plugins.
Preloading 0 native plugins for Editor in 0.00 ms.
Unloading 3931 Unused Serialized files (Serialized files now loaded: 0)
Unloading 42 unused Assets / (38.4 KB). Loaded Objects now: 4624.
Memory consumption went from 144.0 MB to 144.0 MB.
Total: 2.961400 ms (FindLiveObjects: 0.994400 ms CreateObjectMapping: 0.071900 ms MarkObjects: 1.851400 ms  DeleteObjects: 0.043300 ms)

Prepare: number of updated asset objects reloaded= 0
AssetImportParameters requested are different than current active one (requested -> active):
  custom:container-demuxer-ogg: 62fdf1f143b41e24485cea50d1cbac27 -> 
  custom:video-decoder-ogg-theora: a1e56fd34408186e4bbccfd4996cb3dc -> 
  custom:framework-win-MediaFoundation: 216162199b28c13a410421893ffa2e32 -> 
  custom:CustomObjectIndexerAttribute: 9a22284fe3817be447336de3de66b15e -> 
  custom:container-demuxer-webm: 4f35f7cbe854078d1ac9338744f61a02 -> 
  custom:container-muxer-webm: aa71ff27fc2769a1b78a27578f13a17b -> 
  custom:video-decoder-webm-vp8: 9c59270c3fd7afecdb556c50c9e8de78 -> 
  custom:SearchIndexIgnoredProperties: e643bd26f0fe6173181afceb89e7c659 -> 
  custom:AudioImporter_EditorPlatform: d09bf68614088b80899f8185d706f6e7 -> 
  custom:video-encoder-webm-vp8: eb34c28f22e8b96e1ab97ce403110664 -> 
  custom:audio-decoder-ogg-vorbis: bf7c407c2cedff20999df2af8eb42d56 -> 
  custom:audio-encoder-webm-vorbis: bf7c407c2cedff20999df2af8eb42d56 -> 
  custom:scripting/precompiled-assembly-types:Assembly-CSharp: e2a162af377507ede95911f2a96175f3 -> b7af8e27620098665de9fa658ac1471d
========================================================================
Received Prepare
Caller must complete domain reload
Begin MonoManager ReloadAssembly
Symbol file LoadedFromMemory is not a mono symbol file
- Loaded All Assemblies, in  0.590 seconds
Native extension for WindowsStandalone target not found
Native extension for Android target not found
Mono: successfully reloaded assembly
- Finished resetting the current domain, in  1.008 seconds
Domain Reload Profiling: 1593ms
	BeginReloadAssembly (134ms)
		ExecutionOrderSort (0ms)
		DisableScriptedObjects (3ms)
		BackupInstance (0ms)
		ReleaseScriptingObjects (0ms)
		CreateAndSetChildDomain (29ms)
	RebuildCommonClasses (25ms)
	RebuildNativeTypeToScriptingClass (8ms)
	initialDomainReloadingComplete (45ms)
	LoadAllAssembliesAndSetupDomain (372ms)
		LoadAssemblies (422ms)
		RebuildTransferFunctionScriptingTraits (0ms)
		AnalyzeDomain (23ms)
			TypeCache.Refresh (9ms)
				TypeCache.ScanAssembly (1ms)
			ScanForSourceGeneratedMonoScriptInfo (8ms)
			ResolveRequiredComponents (5ms)
	FinalizeReload (1009ms)
		ReleaseScriptCaches (0ms)
		RebuildScriptCaches (0ms)
		SetupLoadedEditorAssemblies (383ms)
			LogAssemblyErrors (0ms)
			InitializePlatformSupportModulesInManaged (24ms)
			SetLoadedEditorAssemblies (3ms)
			RefreshPlugins (0ms)
			BeforeProcessingInitializeOnLoad (61ms)
			ProcessInitializeOnLoadAttributes (266ms)
			ProcessInitializeOnLoadMethodAttributes (18ms)
			AfterProcessingInitializeOnLoad (10ms)
			EditorAssembliesLoaded (0ms)
		ExecutionOrderSort2 (0ms)
		AwakeInstancesAfterBackupRestoration (6ms)
Refreshing native plugins compatible for Editor in 30.91 ms, found 10 plugins.
Preloading 0 native plugins for Editor in 0.00 ms.
Unloading 3931 Unused Serialized files (Serialized files now loaded: 0)
Unloading 42 unused Assets / (38.4 KB). Loaded Objects now: 4628.
Memory consumption went from 144.0 MB to 144.0 MB.
Total: 3.390100 ms (FindLiveObjects: 0.325900 ms CreateObjectMapping: 0.162300 ms MarkObjects: 2.817100 ms  DeleteObjects: 0.083800 ms)

Prepare: number of updated asset objects reloaded= 0
AssetImportParameters requested are different than current active one (requested -> active):
  custom:container-demuxer-ogg: 62fdf1f143b41e24485cea50d1cbac27 -> 
  custom:video-decoder-ogg-theora: a1e56fd34408186e4bbccfd4996cb3dc -> 
  custom:framework-win-MediaFoundation: 216162199b28c13a410421893ffa2e32 -> 
  custom:CustomObjectIndexerAttribute: 9a22284fe3817be447336de3de66b15e -> 
  custom:container-demuxer-webm: 4f35f7cbe854078d1ac9338744f61a02 -> 
  custom:container-muxer-webm: aa71ff27fc2769a1b78a27578f13a17b -> 
  custom:video-decoder-webm-vp8: 9c59270c3fd7afecdb556c50c9e8de78 -> 
  custom:SearchIndexIgnoredProperties: e643bd26f0fe6173181afceb89e7c659 -> 
  custom:AudioImporter_EditorPlatform: d09bf68614088b80899f8185d706f6e7 -> 
  custom:video-encoder-webm-vp8: eb34c28f22e8b96e1ab97ce403110664 -> 
  custom:audio-decoder-ogg-vorbis: bf7c407c2cedff20999df2af8eb42d56 -> 
  custom:audio-encoder-webm-vorbis: bf7c407c2cedff20999df2af8eb42d56 -> 
  custom:scripting/precompiled-assembly-types:Assembly-CSharp: e2a162af377507ede95911f2a96175f3 -> b7af8e27620098665de9fa658ac1471d
========================================================================
Received Prepare
Caller must complete domain reload
Begin MonoManager ReloadAssembly
Symbol file LoadedFromMemory is not a mono symbol file
- Loaded All Assemblies, in  0.544 seconds
Native extension for WindowsStandalone target not found
Native extension for Android target not found
Mono: successfully reloaded assembly
- Finished resetting the current domain, in  1.026 seconds
Domain Reload Profiling: 1563ms
	BeginReloadAssembly (141ms)
		ExecutionOrderSort (0ms)
		DisableScriptedObjects (4ms)
		BackupInstance (0ms)
		ReleaseScriptingObjects (0ms)
		CreateAndSetChildDomain (31ms)
	RebuildCommonClasses (26ms)
	RebuildNativeTypeToScriptingClass (10ms)
	initialDomainReloadingComplete (45ms)
	LoadAllAssembliesAndSetupDomain (314ms)
		LoadAssemblies (368ms)
		RebuildTransferFunctionScriptingTraits (0ms)
		AnalyzeDomain (22ms)
			TypeCache.Refresh (8ms)
				TypeCache.ScanAssembly (1ms)
			ScanForSourceGeneratedMonoScriptInfo (6ms)
			ResolveRequiredComponents (7ms)
	FinalizeReload (1026ms)
		ReleaseScriptCaches (0ms)
		RebuildScriptCaches (0ms)
		SetupLoadedEditorAssemblies (397ms)
			LogAssemblyErrors (0ms)
			InitializePlatformSupportModulesInManaged (26ms)
			SetLoadedEditorAssemblies (3ms)
			RefreshPlugins (0ms)
			BeforeProcessingInitializeOnLoad (59ms)
			ProcessInitializeOnLoadAttributes (281ms)
			ProcessInitializeOnLoadMethodAttributes (18ms)
			AfterProcessingInitializeOnLoad (11ms)
			EditorAssembliesLoaded (0ms)
		ExecutionOrderSort2 (0ms)
		AwakeInstancesAfterBackupRestoration (5ms)
Refreshing native plugins compatible for Editor in 29.03 ms, found 10 plugins.
Preloading 0 native plugins for Editor in 0.00 ms.
Unloading 3931 Unused Serialized files (Serialized files now loaded: 0)
Unloading 42 unused Assets / (38.5 KB). Loaded Objects now: 4632.
Memory consumption went from 144.0 MB to 144.0 MB.
Total: 3.565700 ms (FindLiveObjects: 0.550100 ms CreateObjectMapping: 0.315700 ms MarkObjects: 2.623200 ms  DeleteObjects: 0.075400 ms)

Prepare: number of updated asset objects reloaded= 0
AssetImportParameters requested are different than current active one (requested -> active):
  custom:container-demuxer-ogg: 62fdf1f143b41e24485cea50d1cbac27 -> 
  custom:video-decoder-ogg-theora: a1e56fd34408186e4bbccfd4996cb3dc -> 
  custom:framework-win-MediaFoundation: 216162199b28c13a410421893ffa2e32 -> 
  custom:CustomObjectIndexerAttribute: 9a22284fe3817be447336de3de66b15e -> 
  custom:container-demuxer-webm: 4f35f7cbe854078d1ac9338744f61a02 -> 
  custom:container-muxer-webm: aa71ff27fc2769a1b78a27578f13a17b -> 
  custom:video-decoder-webm-vp8: 9c59270c3fd7afecdb556c50c9e8de78 -> 
  custom:SearchIndexIgnoredProperties: e643bd26f0fe6173181afceb89e7c659 -> 
  custom:AudioImporter_EditorPlatform: d09bf68614088b80899f8185d706f6e7 -> 
  custom:video-encoder-webm-vp8: eb34c28f22e8b96e1ab97ce403110664 -> 
  custom:audio-decoder-ogg-vorbis: bf7c407c2cedff20999df2af8eb42d56 -> 
  custom:audio-encoder-webm-vorbis: bf7c407c2cedff20999df2af8eb42d56 -> 
  custom:scripting/precompiled-assembly-types:Assembly-CSharp: e2a162af377507ede95911f2a96175f3 -> b7af8e27620098665de9fa658ac1471d
========================================================================
Received Prepare
Caller must complete domain reload
Begin MonoManager ReloadAssembly
Symbol file LoadedFromMemory is not a mono symbol file
- Loaded All Assemblies, in  0.597 seconds
Native extension for WindowsStandalone target not found
Native extension for Android target not found
Mono: successfully reloaded assembly
- Finished resetting the current domain, in  1.057 seconds
Domain Reload Profiling: 1648ms
	BeginReloadAssembly (157ms)
		ExecutionOrderSort (0ms)
		DisableScriptedObjects (3ms)
		BackupInstance (0ms)
		ReleaseScriptingObjects (0ms)
		CreateAndSetChildDomain (32ms)
	RebuildCommonClasses (34ms)
	RebuildNativeTypeToScriptingClass (12ms)
	initialDomainReloadingComplete (51ms)
	LoadAllAssembliesAndSetupDomain (336ms)
		LoadAssemblies (406ms)
		RebuildTransferFunctionScriptingTraits (0ms)
		AnalyzeDomain (18ms)
			TypeCache.Refresh (8ms)
				TypeCache.ScanAssembly (1ms)
			ScanForSourceGeneratedMonoScriptInfo (5ms)
			ResolveRequiredComponents (4ms)
	FinalizeReload (1057ms)
		ReleaseScriptCaches (0ms)
		RebuildScriptCaches (0ms)
		SetupLoadedEditorAssemblies (398ms)
			LogAssemblyErrors (0ms)
			InitializePlatformSupportModulesInManaged (23ms)
			SetLoadedEditorAssemblies (4ms)
			RefreshPlugins (0ms)
			BeforeProcessingInitializeOnLoad (62ms)
			ProcessInitializeOnLoadAttributes (274ms)
			ProcessInitializeOnLoadMethodAttributes (23ms)
			AfterProcessingInitializeOnLoad (12ms)
			EditorAssembliesLoaded (0ms)
		ExecutionOrderSort2 (0ms)
		AwakeInstancesAfterBackupRestoration (6ms)
Refreshing native plugins compatible for Editor in 42.92 ms, found 10 plugins.
Preloading 0 native plugins for Editor in 0.00 ms.
Unloading 3931 Unused Serialized files (Serialized files now loaded: 0)
Unloading 42 unused Assets / (38.4 KB). Loaded Objects now: 4636.
Memory consumption went from 144.0 MB to 144.0 MB.
Total: 3.606100 ms (FindLiveObjects: 0.445200 ms CreateObjectMapping: 0.108000 ms MarkObjects: 2.977400 ms  DeleteObjects: 0.074400 ms)

Prepare: number of updated asset objects reloaded= 0
AssetImportParameters requested are different than current active one (requested -> active):
  custom:container-demuxer-ogg: 62fdf1f143b41e24485cea50d1cbac27 -> 
  custom:video-decoder-ogg-theora: a1e56fd34408186e4bbccfd4996cb3dc -> 
  custom:framework-win-MediaFoundation: 216162199b28c13a410421893ffa2e32 -> 
  custom:CustomObjectIndexerAttribute: 9a22284fe3817be447336de3de66b15e -> 
  custom:container-demuxer-webm: 4f35f7cbe854078d1ac9338744f61a02 -> 
  custom:container-muxer-webm: aa71ff27fc2769a1b78a27578f13a17b -> 
  custom:video-decoder-webm-vp8: 9c59270c3fd7afecdb556c50c9e8de78 -> 
  custom:SearchIndexIgnoredProperties: e643bd26f0fe6173181afceb89e7c659 -> 
  custom:AudioImporter_EditorPlatform: d09bf68614088b80899f8185d706f6e7 -> 
  custom:video-encoder-webm-vp8: eb34c28f22e8b96e1ab97ce403110664 -> 
  custom:audio-decoder-ogg-vorbis: bf7c407c2cedff20999df2af8eb42d56 -> 
  custom:audio-encoder-webm-vorbis: bf7c407c2cedff20999df2af8eb42d56 -> 
  custom:scripting/precompiled-assembly-types:Assembly-CSharp: e2a162af377507ede95911f2a96175f3 -> b7af8e27620098665de9fa658ac1471d
========================================================================
Received Prepare
Caller must complete domain reload
Begin MonoManager ReloadAssembly
Symbol file LoadedFromMemory is not a mono symbol file
- Loaded All Assemblies, in  0.564 seconds
Native extension for WindowsStandalone target not found
Native extension for Android target not found
Mono: successfully reloaded assembly
- Finished resetting the current domain, in  1.041 seconds
Domain Reload Profiling: 1598ms
	BeginReloadAssembly (148ms)
		ExecutionOrderSort (0ms)
		DisableScriptedObjects (3ms)
		BackupInstance (0ms)
		ReleaseScriptingObjects (0ms)
		CreateAndSetChildDomain (31ms)
	RebuildCommonClasses (28ms)
	RebuildNativeTypeToScriptingClass (8ms)
	initialDomainReloadingComplete (49ms)
	LoadAllAssembliesAndSetupDomain (324ms)
		LoadAssemblies (386ms)
		RebuildTransferFunctionScriptingTraits (0ms)
		AnalyzeDomain (21ms)
			TypeCache.Refresh (9ms)
				TypeCache.ScanAssembly (1ms)
			ScanForSourceGeneratedMonoScriptInfo (6ms)
			ResolveRequiredComponents (5ms)
	FinalizeReload (1041ms)
		ReleaseScriptCaches (0ms)
		RebuildScriptCaches (0ms)
		SetupLoadedEditorAssemblies (410ms)
			LogAssemblyErrors (0ms)
			InitializePlatformSupportModulesInManaged (27ms)
			SetLoadedEditorAssemblies (3ms)
			RefreshPlugins (0ms)
			BeforeProcessingInitializeOnLoad (59ms)
			ProcessInitializeOnLoadAttributes (292ms)
			ProcessInitializeOnLoadMethodAttributes (17ms)
			AfterProcessingInitializeOnLoad (11ms)
			EditorAssembliesLoaded (0ms)
		ExecutionOrderSort2 (0ms)
		AwakeInstancesAfterBackupRestoration (6ms)
Refreshing native plugins compatible for Editor in 30.63 ms, found 10 plugins.
Preloading 0 native plugins for Editor in 0.00 ms.
Unloading 3931 Unused Serialized files (Serialized files now loaded: 0)
Unloading 42 unused Assets / (38.4 KB). Loaded Objects now: 4640.
Memory consumption went from 144.0 MB to 144.0 MB.
Total: 3.159300 ms (FindLiveObjects: 0.457900 ms CreateObjectMapping: 0.084500 ms MarkObjects: 2.513400 ms  DeleteObjects: 0.102800 ms)

Prepare: number of updated asset objects reloaded= 0
AssetImportParameters requested are different than current active one (requested -> active):
  custom:container-demuxer-ogg: 62fdf1f143b41e24485cea50d1cbac27 -> 
  custom:video-decoder-ogg-theora: a1e56fd34408186e4bbccfd4996cb3dc -> 
  custom:framework-win-MediaFoundation: 216162199b28c13a410421893ffa2e32 -> 
  custom:CustomObjectIndexerAttribute: 9a22284fe3817be447336de3de66b15e -> 
  custom:container-demuxer-webm: 4f35f7cbe854078d1ac9338744f61a02 -> 
  custom:container-muxer-webm: aa71ff27fc2769a1b78a27578f13a17b -> 
  custom:video-decoder-webm-vp8: 9c59270c3fd7afecdb556c50c9e8de78 -> 
  custom:SearchIndexIgnoredProperties: e643bd26f0fe6173181afceb89e7c659 -> 
  custom:AudioImporter_EditorPlatform: d09bf68614088b80899f8185d706f6e7 -> 
  custom:video-encoder-webm-vp8: eb34c28f22e8b96e1ab97ce403110664 -> 
  custom:audio-decoder-ogg-vorbis: bf7c407c2cedff20999df2af8eb42d56 -> 
  custom:audio-encoder-webm-vorbis: bf7c407c2cedff20999df2af8eb42d56 -> 
  custom:scripting/precompiled-assembly-types:Assembly-CSharp: e2a162af377507ede95911f2a96175f3 -> b7af8e27620098665de9fa658ac1471d
========================================================================
Received Prepare
Caller must complete domain reload
Begin MonoManager ReloadAssembly
Symbol file LoadedFromMemory is not a mono symbol file
- Loaded All Assemblies, in  0.494 seconds
Native extension for WindowsStandalone target not found
Native extension for Android target not found
Mono: successfully reloaded assembly
- Finished resetting the current domain, in  1.046 seconds
Domain Reload Profiling: 1533ms
	BeginReloadAssembly (133ms)
		ExecutionOrderSort (0ms)
		DisableScriptedObjects (3ms)
		BackupInstance (0ms)
		ReleaseScriptingObjects (0ms)
		CreateAndSetChildDomain (27ms)
	RebuildCommonClasses (21ms)
	RebuildNativeTypeToScriptingClass (9ms)
	initialDomainReloadingComplete (41ms)
	LoadAllAssembliesAndSetupDomain (284ms)
		LoadAssemblies (348ms)
		RebuildTransferFunctionScriptingTraits (0ms)
		AnalyzeDomain (10ms)
			TypeCache.Refresh (4ms)
				TypeCache.ScanAssembly (0ms)
			ScanForSourceGeneratedMonoScriptInfo (0ms)
			ResolveRequiredComponents (5ms)
	FinalizeReload (1046ms)
		ReleaseScriptCaches (0ms)
		RebuildScriptCaches (0ms)
		SetupLoadedEditorAssemblies (385ms)
			LogAssemblyErrors (0ms)
			InitializePlatformSupportModulesInManaged (22ms)
			SetLoadedEditorAssemblies (3ms)
			RefreshPlugins (0ms)
			BeforeProcessingInitializeOnLoad (61ms)
			ProcessInitializeOnLoadAttributes (270ms)
			ProcessInitializeOnLoadMethodAttributes (17ms)
			AfterProcessingInitializeOnLoad (11ms)
			EditorAssembliesLoaded (0ms)
		ExecutionOrderSort2 (0ms)
		AwakeInstancesAfterBackupRestoration (5ms)
Refreshing native plugins compatible for Editor in 34.49 ms, found 10 plugins.
Preloading 0 native plugins for Editor in 0.00 ms.
Unloading 3931 Unused Serialized files (Serialized files now loaded: 0)
Unloading 42 unused Assets / (38.4 KB). Loaded Objects now: 4644.
Memory consumption went from 144.0 MB to 144.0 MB.
Total: 3.140700 ms (FindLiveObjects: 0.391900 ms CreateObjectMapping: 0.111600 ms MarkObjects: 2.565500 ms  DeleteObjects: 0.070900 ms)

Prepare: number of updated asset objects reloaded= 0
AssetImportParameters requested are different than current active one (requested -> active):
  custom:container-demuxer-ogg: 62fdf1f143b41e24485cea50d1cbac27 -> 
  custom:video-decoder-ogg-theora: a1e56fd34408186e4bbccfd4996cb3dc -> 
  custom:framework-win-MediaFoundation: 216162199b28c13a410421893ffa2e32 -> 
  custom:CustomObjectIndexerAttribute: 9a22284fe3817be447336de3de66b15e -> 
  custom:container-demuxer-webm: 4f35f7cbe854078d1ac9338744f61a02 -> 
  custom:container-muxer-webm: aa71ff27fc2769a1b78a27578f13a17b -> 
  custom:video-decoder-webm-vp8: 9c59270c3fd7afecdb556c50c9e8de78 -> 
  custom:SearchIndexIgnoredProperties: e643bd26f0fe6173181afceb89e7c659 -> 
  custom:AudioImporter_EditorPlatform: d09bf68614088b80899f8185d706f6e7 -> 
  custom:video-encoder-webm-vp8: eb34c28f22e8b96e1ab97ce403110664 -> 
  custom:audio-decoder-ogg-vorbis: bf7c407c2cedff20999df2af8eb42d56 -> 
  custom:audio-encoder-webm-vorbis: bf7c407c2cedff20999df2af8eb42d56 -> 
  custom:scripting/precompiled-assembly-types:Assembly-CSharp: e2a162af377507ede95911f2a96175f3 -> b7af8e27620098665de9fa658ac1471d
========================================================================
Received Prepare
Caller must complete domain reload
Begin MonoManager ReloadAssembly
Symbol file LoadedFromMemory is not a mono symbol file
- Loaded All Assemblies, in  0.489 seconds
Native extension for WindowsStandalone target not found
Native extension for Android target not found
Mono: successfully reloaded assembly
- Finished resetting the current domain, in  0.882 seconds
Domain Reload Profiling: 1366ms
	BeginReloadAssembly (129ms)
		ExecutionOrderSort (0ms)
		DisableScriptedObjects (3ms)
		BackupInstance (0ms)
		ReleaseScriptingObjects (0ms)
		CreateAndSetChildDomain (27ms)
	RebuildCommonClasses (22ms)
	RebuildNativeTypeToScriptingClass (7ms)
	initialDomainReloadingComplete (40ms)
	LoadAllAssembliesAndSetupDomain (286ms)
		LoadAssemblies (337ms)
		RebuildTransferFunctionScriptingTraits (0ms)
		AnalyzeDomain (20ms)
			TypeCache.Refresh (8ms)
				TypeCache.ScanAssembly (1ms)
			ScanForSourceGeneratedMonoScriptInfo (6ms)
			ResolveRequiredComponents (5ms)
	FinalizeReload (882ms)
		ReleaseScriptCaches (0ms)
		RebuildScriptCaches (0ms)
		SetupLoadedEditorAssemblies (319ms)
			LogAssemblyErrors (0ms)
			InitializePlatformSupportModulesInManaged (18ms)
			SetLoadedEditorAssemblies (3ms)
			RefreshPlugins (0ms)
			BeforeProcessingInitializeOnLoad (50ms)
			ProcessInitializeOnLoadAttributes (221ms)
			ProcessInitializeOnLoadMethodAttributes (16ms)
			AfterProcessingInitializeOnLoad (10ms)
			EditorAssembliesLoaded (0ms)
		ExecutionOrderSort2 (0ms)
		AwakeInstancesAfterBackupRestoration (4ms)
Refreshing native plugins compatible for Editor in 26.65 ms, found 10 plugins.
Preloading 0 native plugins for Editor in 0.00 ms.
Unloading 3931 Unused Serialized files (Serialized files now loaded: 0)
Unloading 42 unused Assets / (38.5 KB). Loaded Objects now: 4648.
Memory consumption went from 144.0 MB to 144.0 MB.
Total: 2.398100 ms (FindLiveObjects: 0.279600 ms CreateObjectMapping: 0.077400 ms MarkObjects: 1.988900 ms  DeleteObjects: 0.051600 ms)

Prepare: number of updated asset objects reloaded= 0
AssetImportParameters requested are different than current active one (requested -> active):
  custom:container-demuxer-ogg: 62fdf1f143b41e24485cea50d1cbac27 -> 
  custom:video-decoder-ogg-theora: a1e56fd34408186e4bbccfd4996cb3dc -> 
  custom:framework-win-MediaFoundation: 216162199b28c13a410421893ffa2e32 -> 
  custom:CustomObjectIndexerAttribute: 9a22284fe3817be447336de3de66b15e -> 
  custom:container-demuxer-webm: 4f35f7cbe854078d1ac9338744f61a02 -> 
  custom:container-muxer-webm: aa71ff27fc2769a1b78a27578f13a17b -> 
  custom:video-decoder-webm-vp8: 9c59270c3fd7afecdb556c50c9e8de78 -> 
  custom:SearchIndexIgnoredProperties: e643bd26f0fe6173181afceb89e7c659 -> 
  custom:AudioImporter_EditorPlatform: d09bf68614088b80899f8185d706f6e7 -> 
  custom:video-encoder-webm-vp8: eb34c28f22e8b96e1ab97ce403110664 -> 
  custom:audio-decoder-ogg-vorbis: bf7c407c2cedff20999df2af8eb42d56 -> 
  custom:audio-encoder-webm-vorbis: bf7c407c2cedff20999df2af8eb42d56 -> 
  custom:scripting/precompiled-assembly-types:Assembly-CSharp: e2a162af377507ede95911f2a96175f3 -> b7af8e27620098665de9fa658ac1471d
========================================================================
Received Prepare
Caller must complete domain reload
Begin MonoManager ReloadAssembly
Symbol file LoadedFromMemory is not a mono symbol file
- Loaded All Assemblies, in  0.474 seconds
Native extension for WindowsStandalone target not found
Native extension for Android target not found
Mono: successfully reloaded assembly
- Finished resetting the current domain, in  1.011 seconds
Domain Reload Profiling: 1479ms
	BeginReloadAssembly (127ms)
		ExecutionOrderSort (0ms)
		DisableScriptedObjects (2ms)
		BackupInstance (0ms)
		ReleaseScriptingObjects (0ms)
		CreateAndSetChildDomain (28ms)
	RebuildCommonClasses (21ms)
	RebuildNativeTypeToScriptingClass (7ms)
	initialDomainReloadingComplete (38ms)
	LoadAllAssembliesAndSetupDomain (275ms)
		LoadAssemblies (335ms)
		RebuildTransferFunctionScriptingTraits (0ms)
		AnalyzeDomain (10ms)
			TypeCache.Refresh (4ms)
				TypeCache.ScanAssembly (0ms)
			ScanForSourceGeneratedMonoScriptInfo (0ms)
			ResolveRequiredComponents (5ms)
	FinalizeReload (1011ms)
		ReleaseScriptCaches (0ms)
		RebuildScriptCaches (0ms)
		SetupLoadedEditorAssemblies (362ms)
			LogAssemblyErrors (0ms)
			InitializePlatformSupportModulesInManaged (22ms)
			SetLoadedEditorAssemblies (3ms)
			RefreshPlugins (0ms)
			BeforeProcessingInitializeOnLoad (54ms)
			ProcessInitializeOnLoadAttributes (253ms)
			ProcessInitializeOnLoadMethodAttributes (18ms)
			AfterProcessingInitializeOnLoad (11ms)
			EditorAssembliesLoaded (0ms)
		ExecutionOrderSort2 (0ms)
		AwakeInstancesAfterBackupRestoration (5ms)
Refreshing native plugins compatible for Editor in 31.17 ms, found 10 plugins.
Preloading 0 native plugins for Editor in 0.00 ms.
Unloading 3931 Unused Serialized files (Serialized files now loaded: 0)
Unloading 42 unused Assets / (38.5 KB). Loaded Objects now: 4652.
Memory consumption went from 144.0 MB to 144.0 MB.
Total: 2.676400 ms (FindLiveObjects: 0.265800 ms CreateObjectMapping: 0.095900 ms MarkObjects: 2.252700 ms  DeleteObjects: 0.061100 ms)

Prepare: number of updated asset objects reloaded= 0
AssetImportParameters requested are different than current active one (requested -> active):
  custom:container-demuxer-ogg: 62fdf1f143b41e24485cea50d1cbac27 -> 
  custom:video-decoder-ogg-theora: a1e56fd34408186e4bbccfd4996cb3dc -> 
  custom:framework-win-MediaFoundation: 216162199b28c13a410421893ffa2e32 -> 
  custom:CustomObjectIndexerAttribute: 9a22284fe3817be447336de3de66b15e -> 
  custom:container-demuxer-webm: 4f35f7cbe854078d1ac9338744f61a02 -> 
  custom:container-muxer-webm: aa71ff27fc2769a1b78a27578f13a17b -> 
  custom:video-decoder-webm-vp8: 9c59270c3fd7afecdb556c50c9e8de78 -> 
  custom:SearchIndexIgnoredProperties: e643bd26f0fe6173181afceb89e7c659 -> 
  custom:AudioImporter_EditorPlatform: d09bf68614088b80899f8185d706f6e7 -> 
  custom:video-encoder-webm-vp8: eb34c28f22e8b96e1ab97ce403110664 -> 
  custom:audio-decoder-ogg-vorbis: bf7c407c2cedff20999df2af8eb42d56 -> 
  custom:audio-encoder-webm-vorbis: bf7c407c2cedff20999df2af8eb42d56 -> 
  custom:scripting/precompiled-assembly-types:Assembly-CSharp: e2a162af377507ede95911f2a96175f3 -> b7af8e27620098665de9fa658ac1471d
========================================================================
Received Prepare
Caller must complete domain reload
Begin MonoManager ReloadAssembly
Symbol file LoadedFromMemory is not a mono symbol file
- Loaded All Assemblies, in  0.469 seconds
Native extension for WindowsStandalone target not found
Native extension for Android target not found
Mono: successfully reloaded assembly
- Finished resetting the current domain, in  0.843 seconds
Domain Reload Profiling: 1307ms
	BeginReloadAssembly (123ms)
		ExecutionOrderSort (0ms)
		DisableScriptedObjects (3ms)
		BackupInstance (0ms)
		ReleaseScriptingObjects (0ms)
		CreateAndSetChildDomain (26ms)
	RebuildCommonClasses (21ms)
	RebuildNativeTypeToScriptingClass (7ms)
	initialDomainReloadingComplete (38ms)
	LoadAllAssembliesAndSetupDomain (273ms)
		LoadAssemblies (323ms)
		RebuildTransferFunctionScriptingTraits (0ms)
		AnalyzeDomain (17ms)
			TypeCache.Refresh (7ms)
				TypeCache.ScanAssembly (1ms)
			ScanForSourceGeneratedMonoScriptInfo (5ms)
			ResolveRequiredComponents (5ms)
	FinalizeReload (843ms)
		ReleaseScriptCaches (0ms)
		RebuildScriptCaches (0ms)
		SetupLoadedEditorAssemblies (313ms)
			LogAssemblyErrors (0ms)
			InitializePlatformSupportModulesInManaged (18ms)
			SetLoadedEditorAssemblies (3ms)
			RefreshPlugins (0ms)
			BeforeProcessingInitializeOnLoad (47ms)
			ProcessInitializeOnLoadAttributes (215ms)
			ProcessInitializeOnLoadMethodAttributes (19ms)
			AfterProcessingInitializeOnLoad (11ms)
			EditorAssembliesLoaded (0ms)
		ExecutionOrderSort2 (0ms)
		AwakeInstancesAfterBackupRestoration (5ms)
Refreshing native plugins compatible for Editor in 25.68 ms, found 10 plugins.
Preloading 0 native plugins for Editor in 0.00 ms.
Unloading 3931 Unused Serialized files (Serialized files now loaded: 0)
Unloading 42 unused Assets / (38.4 KB). Loaded Objects now: 4656.
Memory consumption went from 144.0 MB to 144.0 MB.
Total: 2.144900 ms (FindLiveObjects: 0.255300 ms CreateObjectMapping: 0.054200 ms MarkObjects: 1.786200 ms  DeleteObjects: 0.048500 ms)

Prepare: number of updated asset objects reloaded= 0
AssetImportParameters requested are different than current active one (requested -> active):
  custom:container-demuxer-ogg: 62fdf1f143b41e24485cea50d1cbac27 -> 
  custom:video-decoder-ogg-theora: a1e56fd34408186e4bbccfd4996cb3dc -> 
  custom:framework-win-MediaFoundation: 216162199b28c13a410421893ffa2e32 -> 
  custom:CustomObjectIndexerAttribute: 9a22284fe3817be447336de3de66b15e -> 
  custom:container-demuxer-webm: 4f35f7cbe854078d1ac9338744f61a02 -> 
  custom:container-muxer-webm: aa71ff27fc2769a1b78a27578f13a17b -> 
  custom:video-decoder-webm-vp8: 9c59270c3fd7afecdb556c50c9e8de78 -> 
  custom:SearchIndexIgnoredProperties: e643bd26f0fe6173181afceb89e7c659 -> 
  custom:AudioImporter_EditorPlatform: d09bf68614088b80899f8185d706f6e7 -> 
  custom:video-encoder-webm-vp8: eb34c28f22e8b96e1ab97ce403110664 -> 
  custom:audio-decoder-ogg-vorbis: bf7c407c2cedff20999df2af8eb42d56 -> 
  custom:audio-encoder-webm-vorbis: bf7c407c2cedff20999df2af8eb42d56 -> 
  custom:scripting/precompiled-assembly-types:Assembly-CSharp: e2a162af377507ede95911f2a96175f3 -> b7af8e27620098665de9fa658ac1471d
========================================================================
Received Prepare
Refreshing native plugins compatible for Editor in 26.42 ms, found 10 plugins.
Preloading 0 native plugins for Editor in 0.00 ms.
Unloading 1 Unused Serialized files (Serialized files now loaded: 0)
Unloading 1 unused Assets / (3.1 KB). Loaded Objects now: 4656.
Memory consumption went from 82.8 MB to 82.8 MB.
Total: 2.274100 ms (FindLiveObjects: 0.258000 ms CreateObjectMapping: 0.086000 ms MarkObjects: 1.916400 ms  DeleteObjects: 0.013200 ms)

Prepare: number of updated asset objects reloaded= 0
AssetImportParameters requested are different than current active one (requested -> active):
  custom:container-demuxer-ogg: 62fdf1f143b41e24485cea50d1cbac27 -> 
  custom:video-decoder-ogg-theora: a1e56fd34408186e4bbccfd4996cb3dc -> 
  custom:framework-win-MediaFoundation: 216162199b28c13a410421893ffa2e32 -> 
  custom:CustomObjectIndexerAttribute: 9a22284fe3817be447336de3de66b15e -> 
  custom:container-demuxer-webm: 4f35f7cbe854078d1ac9338744f61a02 -> 
  custom:container-muxer-webm: aa71ff27fc2769a1b78a27578f13a17b -> 
  custom:video-decoder-webm-vp8: 9c59270c3fd7afecdb556c50c9e8de78 -> 
  custom:SearchIndexIgnoredProperties: e643bd26f0fe6173181afceb89e7c659 -> 
  custom:AudioImporter_EditorPlatform: d09bf68614088b80899f8185d706f6e7 -> 
  custom:video-encoder-webm-vp8: eb34c28f22e8b96e1ab97ce403110664 -> 
  custom:audio-decoder-ogg-vorbis: bf7c407c2cedff20999df2af8eb42d56 -> 
  custom:audio-encoder-webm-vorbis: bf7c407c2cedff20999df2af8eb42d56 -> 
  custom:scripting/precompiled-assembly-types:Assembly-CSharp: e2a162af377507ede95911f2a96175f3 -> b7af8e27620098665de9fa658ac1471d
========================================================================
Received Prepare
Caller must complete domain reload
Begin MonoManager ReloadAssembly
Symbol file LoadedFromMemory is not a mono symbol file
- Loaded All Assemblies, in  0.473 seconds
Native extension for WindowsStandalone target not found
Native extension for Android target not found
Mono: successfully reloaded assembly
- Finished resetting the current domain, in  0.971 seconds
Domain Reload Profiling: 1439ms
	BeginReloadAssembly (129ms)
		ExecutionOrderSort (0ms)
		DisableScriptedObjects (2ms)
		BackupInstance (0ms)
		ReleaseScriptingObjects (0ms)
		CreateAndSetChildDomain (27ms)
	RebuildCommonClasses (20ms)
	RebuildNativeTypeToScriptingClass (8ms)
	initialDomainReloadingComplete (41ms)
	LoadAllAssembliesAndSetupDomain (269ms)
		LoadAssemblies (329ms)
		RebuildTransferFunctionScriptingTraits (0ms)
		AnalyzeDomain (9ms)
			TypeCache.Refresh (4ms)
				TypeCache.ScanAssembly (0ms)
			ScanForSourceGeneratedMonoScriptInfo (0ms)
			ResolveRequiredComponents (4ms)
	FinalizeReload (972ms)
		ReleaseScriptCaches (0ms)
		RebuildScriptCaches (0ms)
		SetupLoadedEditorAssemblies (370ms)
			LogAssemblyErrors (0ms)
			InitializePlatformSupportModulesInManaged (22ms)
			SetLoadedEditorAssemblies (4ms)
			RefreshPlugins (0ms)
			BeforeProcessingInitializeOnLoad (58ms)
			ProcessInitializeOnLoadAttributes (257ms)
			ProcessInitializeOnLoadMethodAttributes (17ms)
			AfterProcessingInitializeOnLoad (11ms)
			EditorAssembliesLoaded (0ms)
		ExecutionOrderSort2 (0ms)
		AwakeInstancesAfterBackupRestoration (5ms)
Refreshing native plugins compatible for Editor in 29.44 ms, found 10 plugins.
Preloading 0 native plugins for Editor in 0.00 ms.
Unloading 3931 Unused Serialized files (Serialized files now loaded: 0)
Unloading 42 unused Assets / (38.4 KB). Loaded Objects now: 4660.
Memory consumption went from 144.1 MB to 144.0 MB.
Total: 2.869000 ms (FindLiveObjects: 0.282900 ms CreateObjectMapping: 0.129100 ms MarkObjects: 2.389900 ms  DeleteObjects: 0.066300 ms)

Prepare: number of updated asset objects reloaded= 0
AssetImportParameters requested are different than current active one (requested -> active):
  custom:container-demuxer-ogg: 62fdf1f143b41e24485cea50d1cbac27 -> 
  custom:video-decoder-ogg-theora: a1e56fd34408186e4bbccfd4996cb3dc -> 
  custom:framework-win-MediaFoundation: 216162199b28c13a410421893ffa2e32 -> 
  custom:CustomObjectIndexerAttribute: 9a22284fe3817be447336de3de66b15e -> 
  custom:container-demuxer-webm: 4f35f7cbe854078d1ac9338744f61a02 -> 
  custom:container-muxer-webm: aa71ff27fc2769a1b78a27578f13a17b -> 
  custom:video-decoder-webm-vp8: 9c59270c3fd7afecdb556c50c9e8de78 -> 
  custom:SearchIndexIgnoredProperties: e643bd26f0fe6173181afceb89e7c659 -> 
  custom:AudioImporter_EditorPlatform: d09bf68614088b80899f8185d706f6e7 -> 
  custom:video-encoder-webm-vp8: eb34c28f22e8b96e1ab97ce403110664 -> 
  custom:audio-decoder-ogg-vorbis: bf7c407c2cedff20999df2af8eb42d56 -> 
  custom:audio-encoder-webm-vorbis: bf7c407c2cedff20999df2af8eb42d56 -> 
  custom:scripting/precompiled-assembly-types:Assembly-CSharp: e2a162af377507ede95911f2a96175f3 -> b7af8e27620098665de9fa658ac1471d
========================================================================
Received Prepare
Caller must complete domain reload
Begin MonoManager ReloadAssembly
Symbol file LoadedFromMemory is not a mono symbol file
- Loaded All Assemblies, in  0.487 seconds
Native extension for WindowsStandalone target not found
Native extension for Android target not found
Mono: successfully reloaded assembly
- Finished resetting the current domain, in  0.969 seconds
Domain Reload Profiling: 1451ms
	BeginReloadAssembly (128ms)
		ExecutionOrderSort (0ms)
		DisableScriptedObjects (2ms)
		BackupInstance (0ms)
		ReleaseScriptingObjects (0ms)
		CreateAndSetChildDomain (28ms)
	RebuildCommonClasses (21ms)
	RebuildNativeTypeToScriptingClass (7ms)
	initialDomainReloadingComplete (39ms)
	LoadAllAssembliesAndSetupDomain (286ms)
		LoadAssemblies (339ms)
		RebuildTransferFunctionScriptingTraits (0ms)
		AnalyzeDomain (18ms)
			TypeCache.Refresh (8ms)
				TypeCache.ScanAssembly (1ms)
			ScanForSourceGeneratedMonoScriptInfo (5ms)
			ResolveRequiredComponents (4ms)
	FinalizeReload (969ms)
		ReleaseScriptCaches (0ms)
		RebuildScriptCaches (0ms)
		SetupLoadedEditorAssemblies (330ms)
			LogAssemblyErrors (0ms)
			InitializePlatformSupportModulesInManaged (20ms)
			SetLoadedEditorAssemblies (3ms)
			RefreshPlugins (0ms)
			BeforeProcessingInitializeOnLoad (53ms)
			ProcessInitializeOnLoadAttributes (226ms)
			ProcessInitializeOnLoadMethodAttributes (17ms)
			AfterProcessingInitializeOnLoad (11ms)
			EditorAssembliesLoaded (0ms)
		ExecutionOrderSort2 (0ms)
		AwakeInstancesAfterBackupRestoration (5ms)
Refreshing native plugins compatible for Editor in 27.57 ms, found 10 plugins.
Preloading 0 native plugins for Editor in 0.00 ms.
Unloading 3931 Unused Serialized files (Serialized files now loaded: 0)
Unloading 42 unused Assets / (38.4 KB). Loaded Objects now: 4664.
Memory consumption went from 144.1 MB to 144.0 MB.
Total: 2.388800 ms (FindLiveObjects: 0.294200 ms CreateObjectMapping: 0.056500 ms MarkObjects: 1.984000 ms  DeleteObjects: 0.053600 ms)

Prepare: number of updated asset objects reloaded= 0
AssetImportParameters requested are different than current active one (requested -> active):
  custom:container-demuxer-ogg: 62fdf1f143b41e24485cea50d1cbac27 -> 
  custom:video-decoder-ogg-theora: a1e56fd34408186e4bbccfd4996cb3dc -> 
  custom:framework-win-MediaFoundation: 216162199b28c13a410421893ffa2e32 -> 
  custom:CustomObjectIndexerAttribute: 9a22284fe3817be447336de3de66b15e -> 
  custom:container-demuxer-webm: 4f35f7cbe854078d1ac9338744f61a02 -> 
  custom:container-muxer-webm: aa71ff27fc2769a1b78a27578f13a17b -> 
  custom:video-decoder-webm-vp8: 9c59270c3fd7afecdb556c50c9e8de78 -> 
  custom:SearchIndexIgnoredProperties: e643bd26f0fe6173181afceb89e7c659 -> 
  custom:AudioImporter_EditorPlatform: d09bf68614088b80899f8185d706f6e7 -> 
  custom:video-encoder-webm-vp8: eb34c28f22e8b96e1ab97ce403110664 -> 
  custom:audio-decoder-ogg-vorbis: bf7c407c2cedff20999df2af8eb42d56 -> 
  custom:audio-encoder-webm-vorbis: bf7c407c2cedff20999df2af8eb42d56 -> 
  custom:scripting/precompiled-assembly-types:Assembly-CSharp: b9735ceb7b7b36dca70aaecceb0f010c -> b7af8e27620098665de9fa658ac1471d
========================================================================
Received Prepare
Caller must complete domain reload
Begin MonoManager ReloadAssembly
Symbol file LoadedFromMemory is not a mono symbol file
- Loaded All Assemblies, in  0.474 seconds
Native extension for WindowsStandalone target not found
Native extension for Android target not found
Mono: successfully reloaded assembly
- Finished resetting the current domain, in  0.994 seconds
Domain Reload Profiling: 1463ms
	BeginReloadAssembly (131ms)
		ExecutionOrderSort (0ms)
		DisableScriptedObjects (3ms)
		BackupInstance (0ms)
		ReleaseScriptingObjects (0ms)
		CreateAndSetChildDomain (26ms)
	RebuildCommonClasses (26ms)
	RebuildNativeTypeToScriptingClass (7ms)
	initialDomainReloadingComplete (37ms)
	LoadAllAssembliesAndSetupDomain (268ms)
		LoadAssemblies (334ms)
		RebuildTransferFunctionScriptingTraits (0ms)
		AnalyzeDomain (10ms)
			TypeCache.Refresh (4ms)
				TypeCache.ScanAssembly (0ms)
			ScanForSourceGeneratedMonoScriptInfo (0ms)
			ResolveRequiredComponents (4ms)
	FinalizeReload (994ms)
		ReleaseScriptCaches (0ms)
		RebuildScriptCaches (0ms)
		SetupLoadedEditorAssemblies (366ms)
			LogAssemblyErrors (0ms)
			InitializePlatformSupportModulesInManaged (22ms)
			SetLoadedEditorAssemblies (3ms)
			RefreshPlugins (0ms)
			BeforeProcessingInitializeOnLoad (57ms)
			ProcessInitializeOnLoadAttributes (254ms)
			ProcessInitializeOnLoadMethodAttributes (17ms)
			AfterProcessingInitializeOnLoad (11ms)
			EditorAssembliesLoaded (0ms)
		ExecutionOrderSort2 (0ms)
		AwakeInstancesAfterBackupRestoration (5ms)
Refreshing native plugins compatible for Editor in 29.80 ms, found 10 plugins.
Preloading 0 native plugins for Editor in 0.00 ms.
Unloading 3931 Unused Serialized files (Serialized files now loaded: 0)
Unloading 42 unused Assets / (38.4 KB). Loaded Objects now: 4668.
Memory consumption went from 144.1 MB to 144.0 MB.
Total: 2.578000 ms (FindLiveObjects: 0.287900 ms CreateObjectMapping: 0.064200 ms MarkObjects: 2.164500 ms  DeleteObjects: 0.060400 ms)

Prepare: number of updated asset objects reloaded= 0
AssetImportParameters requested are different than current active one (requested -> active):
  custom:container-demuxer-ogg: 62fdf1f143b41e24485cea50d1cbac27 -> 
  custom:video-decoder-ogg-theora: a1e56fd34408186e4bbccfd4996cb3dc -> 
  custom:framework-win-MediaFoundation: 216162199b28c13a410421893ffa2e32 -> 
  custom:CustomObjectIndexerAttribute: 9a22284fe3817be447336de3de66b15e -> 
  custom:container-demuxer-webm: 4f35f7cbe854078d1ac9338744f61a02 -> 
  custom:container-muxer-webm: aa71ff27fc2769a1b78a27578f13a17b -> 
  custom:video-decoder-webm-vp8: 9c59270c3fd7afecdb556c50c9e8de78 -> 
  custom:SearchIndexIgnoredProperties: e643bd26f0fe6173181afceb89e7c659 -> 
  custom:AudioImporter_EditorPlatform: d09bf68614088b80899f8185d706f6e7 -> 
  custom:video-encoder-webm-vp8: eb34c28f22e8b96e1ab97ce403110664 -> 
  custom:audio-decoder-ogg-vorbis: bf7c407c2cedff20999df2af8eb42d56 -> 
  custom:audio-encoder-webm-vorbis: bf7c407c2cedff20999df2af8eb42d56 -> 
  custom:scripting/precompiled-assembly-types:Assembly-CSharp: b9735ceb7b7b36dca70aaecceb0f010c -> b7af8e27620098665de9fa658ac1471d
========================================================================
Received Prepare
Refreshing native plugins compatible for Editor in 28.96 ms, found 10 plugins.
Preloading 0 native plugins for Editor in 0.00 ms.
Unloading 1 Unused Serialized files (Serialized files now loaded: 0)
Unloading 1 unused Assets / (3.1 KB). Loaded Objects now: 4668.
Memory consumption went from 82.8 MB to 82.8 MB.
Total: 2.480500 ms (FindLiveObjects: 0.268700 ms CreateObjectMapping: 0.053900 ms MarkObjects: 2.141800 ms  DeleteObjects: 0.015500 ms)

Prepare: number of updated asset objects reloaded= 0
AssetImportParameters requested are different than current active one (requested -> active):
  custom:container-demuxer-ogg: 62fdf1f143b41e24485cea50d1cbac27 -> 
  custom:video-decoder-ogg-theora: a1e56fd34408186e4bbccfd4996cb3dc -> 
  custom:framework-win-MediaFoundation: 216162199b28c13a410421893ffa2e32 -> 
  custom:CustomObjectIndexerAttribute: 9a22284fe3817be447336de3de66b15e -> 
  custom:container-demuxer-webm: 4f35f7cbe854078d1ac9338744f61a02 -> 
  custom:container-muxer-webm: aa71ff27fc2769a1b78a27578f13a17b -> 
  custom:video-decoder-webm-vp8: 9c59270c3fd7afecdb556c50c9e8de78 -> 
  custom:SearchIndexIgnoredProperties: e643bd26f0fe6173181afceb89e7c659 -> 
  custom:AudioImporter_EditorPlatform: d09bf68614088b80899f8185d706f6e7 -> 
  custom:video-encoder-webm-vp8: eb34c28f22e8b96e1ab97ce403110664 -> 
  custom:audio-decoder-ogg-vorbis: bf7c407c2cedff20999df2af8eb42d56 -> 
  custom:audio-encoder-webm-vorbis: bf7c407c2cedff20999df2af8eb42d56 -> 
  custom:scripting/precompiled-assembly-types:Assembly-CSharp: b9735ceb7b7b36dca70aaecceb0f010c -> b7af8e27620098665de9fa658ac1471d
========================================================================
Received Prepare
Caller must complete domain reload
Begin MonoManager ReloadAssembly
Symbol file LoadedFromMemory is not a mono symbol file
- Loaded All Assemblies, in  0.480 seconds
Native extension for WindowsStandalone target not found
Native extension for Android target not found
Mono: successfully reloaded assembly
- Finished resetting the current domain, in  0.987 seconds
Domain Reload Profiling: 1462ms
	BeginReloadAssembly (132ms)
		ExecutionOrderSort (0ms)
		DisableScriptedObjects (2ms)
		BackupInstance (0ms)
		ReleaseScriptingObjects (0ms)
		CreateAndSetChildDomain (29ms)
	RebuildCommonClasses (21ms)
	RebuildNativeTypeToScriptingClass (7ms)
	initialDomainReloadingComplete (38ms)
	LoadAllAssembliesAndSetupDomain (277ms)
		LoadAssemblies (339ms)
		RebuildTransferFunctionScriptingTraits (0ms)
		AnalyzeDomain (10ms)
			TypeCache.Refresh (4ms)
				TypeCache.ScanAssembly (0ms)
			ScanForSourceGeneratedMonoScriptInfo (0ms)
			ResolveRequiredComponents (5ms)
	FinalizeReload (988ms)
		ReleaseScriptCaches (0ms)
		RebuildScriptCaches (0ms)
		SetupLoadedEditorAssemblies (361ms)
			LogAssemblyErrors (0ms)
			InitializePlatformSupportModulesInManaged (21ms)
			SetLoadedEditorAssemblies (3ms)
			RefreshPlugins (0ms)
			BeforeProcessingInitializeOnLoad (54ms)
			ProcessInitializeOnLoadAttributes (255ms)
			ProcessInitializeOnLoadMethodAttributes (17ms)
			AfterProcessingInitializeOnLoad (11ms)
			EditorAssembliesLoaded (0ms)
		ExecutionOrderSort2 (0ms)
		AwakeInstancesAfterBackupRestoration (5ms)
Refreshing native plugins compatible for Editor in 30.76 ms, found 10 plugins.
Preloading 0 native plugins for Editor in 0.00 ms.
Unloading 3931 Unused Serialized files (Serialized files now loaded: 0)
Unloading 42 unused Assets / (38.4 KB). Loaded Objects now: 4672.
Memory consumption went from 144.1 MB to 144.0 MB.
Total: 2.255000 ms (FindLiveObjects: 0.257300 ms CreateObjectMapping: 0.060100 ms MarkObjects: 1.883300 ms  DeleteObjects: 0.053600 ms)

Prepare: number of updated asset objects reloaded= 0
AssetImportParameters requested are different than current active one (requested -> active):
  custom:container-demuxer-ogg: 62fdf1f143b41e24485cea50d1cbac27 -> 
  custom:video-decoder-ogg-theora: a1e56fd34408186e4bbccfd4996cb3dc -> 
  custom:framework-win-MediaFoundation: 216162199b28c13a410421893ffa2e32 -> 
  custom:CustomObjectIndexerAttribute: 9a22284fe3817be447336de3de66b15e -> 
  custom:container-demuxer-webm: 4f35f7cbe854078d1ac9338744f61a02 -> 
  custom:container-muxer-webm: aa71ff27fc2769a1b78a27578f13a17b -> 
  custom:video-decoder-webm-vp8: 9c59270c3fd7afecdb556c50c9e8de78 -> 
  custom:SearchIndexIgnoredProperties: e643bd26f0fe6173181afceb89e7c659 -> 
  custom:AudioImporter_EditorPlatform: d09bf68614088b80899f8185d706f6e7 -> 
  custom:video-encoder-webm-vp8: eb34c28f22e8b96e1ab97ce403110664 -> 
  custom:audio-decoder-ogg-vorbis: bf7c407c2cedff20999df2af8eb42d56 -> 
  custom:audio-encoder-webm-vorbis: bf7c407c2cedff20999df2af8eb42d56 -> 
  custom:scripting/precompiled-assembly-types:Assembly-CSharp: b9735ceb7b7b36dca70aaecceb0f010c -> b7af8e27620098665de9fa658ac1471d
========================================================================
Received Prepare
Caller must complete domain reload
Begin MonoManager ReloadAssembly
Symbol file LoadedFromMemory is not a mono symbol file
- Loaded All Assemblies, in  0.516 seconds
Native extension for WindowsStandalone target not found
Native extension for Android target not found
Mono: successfully reloaded assembly
- Finished resetting the current domain, in  0.986 seconds
Domain Reload Profiling: 1495ms
	BeginReloadAssembly (131ms)
		ExecutionOrderSort (0ms)
		DisableScriptedObjects (3ms)
		BackupInstance (0ms)
		ReleaseScriptingObjects (0ms)
		CreateAndSetChildDomain (25ms)
	RebuildCommonClasses (25ms)
	RebuildNativeTypeToScriptingClass (7ms)
	initialDomainReloadingComplete (42ms)
	LoadAllAssembliesAndSetupDomain (304ms)
		LoadAssemblies (367ms)
		RebuildTransferFunctionScriptingTraits (0ms)
		AnalyzeDomain (11ms)
			TypeCache.Refresh (4ms)
				TypeCache.ScanAssembly (0ms)
			ScanForSourceGeneratedMonoScriptInfo (0ms)
			ResolveRequiredComponents (5ms)
	FinalizeReload (986ms)
		ReleaseScriptCaches (0ms)
		RebuildScriptCaches (0ms)
		SetupLoadedEditorAssemblies (347ms)
			LogAssemblyErrors (0ms)
			InitializePlatformSupportModulesInManaged (21ms)
			SetLoadedEditorAssemblies (4ms)
			RefreshPlugins (0ms)
			BeforeProcessingInitializeOnLoad (61ms)
			ProcessInitializeOnLoadAttributes (234ms)
			ProcessInitializeOnLoadMethodAttributes (18ms)
			AfterProcessingInitializeOnLoad (9ms)
			EditorAssembliesLoaded (0ms)
		ExecutionOrderSort2 (0ms)
		AwakeInstancesAfterBackupRestoration (5ms)
Refreshing native plugins compatible for Editor in 26.70 ms, found 10 plugins.
Preloading 0 native plugins for Editor in 0.00 ms.
Unloading 3931 Unused Serialized files (Serialized files now loaded: 0)
Unloading 42 unused Assets / (38.4 KB). Loaded Objects now: 4676.
Memory consumption went from 144.1 MB to 144.1 MB.
Total: 2.361600 ms (FindLiveObjects: 0.331600 ms CreateObjectMapping: 0.103700 ms MarkObjects: 1.868100 ms  DeleteObjects: 0.057700 ms)

Prepare: number of updated asset objects reloaded= 0
AssetImportParameters requested are different than current active one (requested -> active):
  custom:container-demuxer-ogg: 62fdf1f143b41e24485cea50d1cbac27 -> 
  custom:video-decoder-ogg-theora: a1e56fd34408186e4bbccfd4996cb3dc -> 
  custom:framework-win-MediaFoundation: 216162199b28c13a410421893ffa2e32 -> 
  custom:CustomObjectIndexerAttribute: 9a22284fe3817be447336de3de66b15e -> 
  custom:container-demuxer-webm: 4f35f7cbe854078d1ac9338744f61a02 -> 
  custom:container-muxer-webm: aa71ff27fc2769a1b78a27578f13a17b -> 
  custom:video-decoder-webm-vp8: 9c59270c3fd7afecdb556c50c9e8de78 -> 
  custom:SearchIndexIgnoredProperties: e643bd26f0fe6173181afceb89e7c659 -> 
  custom:AudioImporter_EditorPlatform: d09bf68614088b80899f8185d706f6e7 -> 
  custom:video-encoder-webm-vp8: eb34c28f22e8b96e1ab97ce403110664 -> 
  custom:audio-decoder-ogg-vorbis: bf7c407c2cedff20999df2af8eb42d56 -> 
  custom:audio-encoder-webm-vorbis: bf7c407c2cedff20999df2af8eb42d56 -> 
  custom:scripting/precompiled-assembly-types:Assembly-CSharp: b9735ceb7b7b36dca70aaecceb0f010c -> b7af8e27620098665de9fa658ac1471d
========================================================================
Received Prepare
Caller must complete domain reload
Begin MonoManager ReloadAssembly
Symbol file LoadedFromMemory is not a mono symbol file
- Loaded All Assemblies, in  0.485 seconds
Native extension for WindowsStandalone target not found
Native extension for Android target not found
Mono: successfully reloaded assembly
- Finished resetting the current domain, in  0.889 seconds
Domain Reload Profiling: 1369ms
	BeginReloadAssembly (126ms)
		ExecutionOrderSort (0ms)
		DisableScriptedObjects (2ms)
		BackupInstance (0ms)
		ReleaseScriptingObjects (0ms)
		CreateAndSetChildDomain (27ms)
	RebuildCommonClasses (21ms)
	RebuildNativeTypeToScriptingClass (7ms)
	initialDomainReloadingComplete (42ms)
	LoadAllAssembliesAndSetupDomain (284ms)
		LoadAssemblies (337ms)
		RebuildTransferFunctionScriptingTraits (0ms)
		AnalyzeDomain (17ms)
			TypeCache.Refresh (7ms)
				TypeCache.ScanAssembly (1ms)
			ScanForSourceGeneratedMonoScriptInfo (6ms)
			ResolveRequiredComponents (4ms)
	FinalizeReload (890ms)
		ReleaseScriptCaches (0ms)
		RebuildScriptCaches (0ms)
		SetupLoadedEditorAssemblies (331ms)
			LogAssemblyErrors (0ms)
			InitializePlatformSupportModulesInManaged (19ms)
			SetLoadedEditorAssemblies (3ms)
			RefreshPlugins (0ms)
			BeforeProcessingInitializeOnLoad (54ms)
			ProcessInitializeOnLoadAttributes (228ms)
			ProcessInitializeOnLoadMethodAttributes (17ms)
			AfterProcessingInitializeOnLoad (10ms)
			EditorAssembliesLoaded (0ms)
		ExecutionOrderSort2 (0ms)
		AwakeInstancesAfterBackupRestoration (6ms)
Refreshing native plugins compatible for Editor in 26.40 ms, found 10 plugins.
Preloading 0 native plugins for Editor in 0.00 ms.
Unloading 3931 Unused Serialized files (Serialized files now loaded: 0)
Unloading 42 unused Assets / (38.4 KB). Loaded Objects now: 4680.
Memory consumption went from 144.1 MB to 144.1 MB.
Total: 2.196200 ms (FindLiveObjects: 0.258400 ms CreateObjectMapping: 0.054200 ms MarkObjects: 1.834000 ms  DeleteObjects: 0.048900 ms)

Prepare: number of updated asset objects reloaded= 0
AssetImportParameters requested are different than current active one (requested -> active):
  custom:container-demuxer-ogg: 62fdf1f143b41e24485cea50d1cbac27 -> 
  custom:video-decoder-ogg-theora: a1e56fd34408186e4bbccfd4996cb3dc -> 
  custom:framework-win-MediaFoundation: 216162199b28c13a410421893ffa2e32 -> 
  custom:CustomObjectIndexerAttribute: 9a22284fe3817be447336de3de66b15e -> 
  custom:container-demuxer-webm: 4f35f7cbe854078d1ac9338744f61a02 -> 
  custom:container-muxer-webm: aa71ff27fc2769a1b78a27578f13a17b -> 
  custom:video-decoder-webm-vp8: 9c59270c3fd7afecdb556c50c9e8de78 -> 
  custom:SearchIndexIgnoredProperties: e643bd26f0fe6173181afceb89e7c659 -> 
  custom:AudioImporter_EditorPlatform: d09bf68614088b80899f8185d706f6e7 -> 
  custom:video-encoder-webm-vp8: eb34c28f22e8b96e1ab97ce403110664 -> 
  custom:audio-decoder-ogg-vorbis: bf7c407c2cedff20999df2af8eb42d56 -> 
  custom:audio-encoder-webm-vorbis: bf7c407c2cedff20999df2af8eb42d56 -> 
  custom:scripting/precompiled-assembly-types:Assembly-CSharp: b9735ceb7b7b36dca70aaecceb0f010c -> b7af8e27620098665de9fa658ac1471d
========================================================================
Received Prepare
Caller must complete domain reload
Begin MonoManager ReloadAssembly
Symbol file LoadedFromMemory is not a mono symbol file
- Loaded All Assemblies, in  0.474 seconds
Native extension for WindowsStandalone target not found
Native extension for Android target not found
Mono: successfully reloaded assembly
- Finished resetting the current domain, in  0.982 seconds
Domain Reload Profiling: 1451ms
	BeginReloadAssembly (125ms)
		ExecutionOrderSort (0ms)
		DisableScriptedObjects (2ms)
		BackupInstance (0ms)
		ReleaseScriptingObjects (0ms)
		CreateAndSetChildDomain (27ms)
	RebuildCommonClasses (20ms)
	RebuildNativeTypeToScriptingClass (7ms)
	initialDomainReloadingComplete (41ms)
	LoadAllAssembliesAndSetupDomain (275ms)
		LoadAssemblies (332ms)
		RebuildTransferFunctionScriptingTraits (0ms)
		AnalyzeDomain (12ms)
			TypeCache.Refresh (4ms)
				TypeCache.ScanAssembly (0ms)
			ScanForSourceGeneratedMonoScriptInfo (0ms)
			ResolveRequiredComponents (7ms)
	FinalizeReload (982ms)
		ReleaseScriptCaches (0ms)
		RebuildScriptCaches (0ms)
		SetupLoadedEditorAssemblies (372ms)
			LogAssemblyErrors (0ms)
			InitializePlatformSupportModulesInManaged (22ms)
			SetLoadedEditorAssemblies (4ms)
			RefreshPlugins (0ms)
			BeforeProcessingInitializeOnLoad (58ms)
			ProcessInitializeOnLoadAttributes (259ms)
			ProcessInitializeOnLoadMethodAttributes (19ms)
			AfterProcessingInitializeOnLoad (10ms)
			EditorAssembliesLoaded (0ms)
		ExecutionOrderSort2 (0ms)
		AwakeInstancesAfterBackupRestoration (5ms)
Refreshing native plugins compatible for Editor in 30.69 ms, found 10 plugins.
Preloading 0 native plugins for Editor in 0.00 ms.
Unloading 3931 Unused Serialized files (Serialized files now loaded: 0)
Unloading 42 unused Assets / (38.5 KB). Loaded Objects now: 4684.
Memory consumption went from 144.1 MB to 144.1 MB.
Total: 2.251200 ms (FindLiveObjects: 0.271600 ms CreateObjectMapping: 0.056100 ms MarkObjects: 1.869600 ms  DeleteObjects: 0.053100 ms)

Prepare: number of updated asset objects reloaded= 0
AssetImportParameters requested are different than current active one (requested -> active):
  custom:container-demuxer-ogg: 62fdf1f143b41e24485cea50d1cbac27 -> 
  custom:video-decoder-ogg-theora: a1e56fd34408186e4bbccfd4996cb3dc -> 
  custom:framework-win-MediaFoundation: 216162199b28c13a410421893ffa2e32 -> 
  custom:CustomObjectIndexerAttribute: 9a22284fe3817be447336de3de66b15e -> 
  custom:container-demuxer-webm: 4f35f7cbe854078d1ac9338744f61a02 -> 
  custom:container-muxer-webm: aa71ff27fc2769a1b78a27578f13a17b -> 
  custom:video-decoder-webm-vp8: 9c59270c3fd7afecdb556c50c9e8de78 -> 
  custom:SearchIndexIgnoredProperties: e643bd26f0fe6173181afceb89e7c659 -> 
  custom:AudioImporter_EditorPlatform: d09bf68614088b80899f8185d706f6e7 -> 
  custom:video-encoder-webm-vp8: eb34c28f22e8b96e1ab97ce403110664 -> 
  custom:audio-decoder-ogg-vorbis: bf7c407c2cedff20999df2af8eb42d56 -> 
  custom:audio-encoder-webm-vorbis: bf7c407c2cedff20999df2af8eb42d56 -> 
  custom:scripting/precompiled-assembly-types:Assembly-CSharp: b9735ceb7b7b36dca70aaecceb0f010c -> b7af8e27620098665de9fa658ac1471d
========================================================================
Received Prepare
Caller must complete domain reload
Begin MonoManager ReloadAssembly
Symbol file LoadedFromMemory is not a mono symbol file
- Loaded All Assemblies, in  0.531 seconds
Native extension for WindowsStandalone target not found
Native extension for Android target not found
Mono: successfully reloaded assembly
- Finished resetting the current domain, in  1.053 seconds
Domain Reload Profiling: 1578ms
	BeginReloadAssembly (137ms)
		ExecutionOrderSort (0ms)
		DisableScriptedObjects (3ms)
		BackupInstance (0ms)
		ReleaseScriptingObjects (0ms)
		CreateAndSetChildDomain (28ms)
	RebuildCommonClasses (24ms)
	RebuildNativeTypeToScriptingClass (9ms)
	initialDomainReloadingComplete (41ms)
	LoadAllAssembliesAndSetupDomain (315ms)
		LoadAssemblies (367ms)
		RebuildTransferFunctionScriptingTraits (0ms)
		AnalyzeDomain (22ms)
			TypeCache.Refresh (8ms)
				TypeCache.ScanAssembly (1ms)
			ScanForSourceGeneratedMonoScriptInfo (7ms)
			ResolveRequiredComponents (6ms)
	FinalizeReload (1054ms)
		ReleaseScriptCaches (0ms)
		RebuildScriptCaches (0ms)
		SetupLoadedEditorAssemblies (367ms)
			LogAssemblyErrors (0ms)
			InitializePlatformSupportModulesInManaged (26ms)
			SetLoadedEditorAssemblies (3ms)
			RefreshPlugins (0ms)
			BeforeProcessingInitializeOnLoad (56ms)
			ProcessInitializeOnLoadAttributes (250ms)
			ProcessInitializeOnLoadMethodAttributes (21ms)
			AfterProcessingInitializeOnLoad (11ms)
			EditorAssembliesLoaded (0ms)
		ExecutionOrderSort2 (0ms)
		AwakeInstancesAfterBackupRestoration (5ms)
Refreshing native plugins compatible for Editor in 36.63 ms, found 10 plugins.
Preloading 0 native plugins for Editor in 0.00 ms.
Unloading 3931 Unused Serialized files (Serialized files now loaded: 0)
Unloading 42 unused Assets / (38.4 KB). Loaded Objects now: 4688.
Memory consumption went from 144.1 MB to 144.1 MB.
Total: 2.528400 ms (FindLiveObjects: 0.274100 ms CreateObjectMapping: 0.054700 ms MarkObjects: 2.138200 ms  DeleteObjects: 0.060800 ms)

Prepare: number of updated asset objects reloaded= 0
AssetImportParameters requested are different than current active one (requested -> active):
  custom:container-demuxer-ogg: 62fdf1f143b41e24485cea50d1cbac27 -> 
  custom:video-decoder-ogg-theora: a1e56fd34408186e4bbccfd4996cb3dc -> 
  custom:framework-win-MediaFoundation: 216162199b28c13a410421893ffa2e32 -> 
  custom:CustomObjectIndexerAttribute: 9a22284fe3817be447336de3de66b15e -> 
  custom:container-demuxer-webm: 4f35f7cbe854078d1ac9338744f61a02 -> 
  custom:container-muxer-webm: aa71ff27fc2769a1b78a27578f13a17b -> 
  custom:video-decoder-webm-vp8: 9c59270c3fd7afecdb556c50c9e8de78 -> 
  custom:SearchIndexIgnoredProperties: e643bd26f0fe6173181afceb89e7c659 -> 
  custom:AudioImporter_EditorPlatform: d09bf68614088b80899f8185d706f6e7 -> 
  custom:video-encoder-webm-vp8: eb34c28f22e8b96e1ab97ce403110664 -> 
  custom:audio-decoder-ogg-vorbis: bf7c407c2cedff20999df2af8eb42d56 -> 
  custom:audio-encoder-webm-vorbis: bf7c407c2cedff20999df2af8eb42d56 -> 
  custom:scripting/precompiled-assembly-types:Assembly-CSharp: b9735ceb7b7b36dca70aaecceb0f010c -> b7af8e27620098665de9fa658ac1471d
========================================================================
Received Prepare
Caller must complete domain reload
Begin MonoManager ReloadAssembly
Symbol file LoadedFromMemory is not a mono symbol file
- Loaded All Assemblies, in  0.533 seconds
Native extension for WindowsStandalone target not found
Native extension for Android target not found
Mono: successfully reloaded assembly
- Finished resetting the current domain, in  1.015 seconds
Domain Reload Profiling: 1542ms
	BeginReloadAssembly (141ms)
		ExecutionOrderSort (0ms)
		DisableScriptedObjects (4ms)
		BackupInstance (0ms)
		ReleaseScriptingObjects (0ms)
		CreateAndSetChildDomain (28ms)
	RebuildCommonClasses (22ms)
	RebuildNativeTypeToScriptingClass (7ms)
	initialDomainReloadingComplete (46ms)
	LoadAllAssembliesAndSetupDomain (312ms)
		LoadAssemblies (364ms)
		RebuildTransferFunctionScriptingTraits (0ms)
		AnalyzeDomain (23ms)
			TypeCache.Refresh (8ms)
				TypeCache.ScanAssembly (1ms)
			ScanForSourceGeneratedMonoScriptInfo (5ms)
			ResolveRequiredComponents (5ms)
	FinalizeReload (1016ms)
		ReleaseScriptCaches (0ms)
		RebuildScriptCaches (0ms)
		SetupLoadedEditorAssemblies (353ms)
			LogAssemblyErrors (0ms)
			InitializePlatformSupportModulesInManaged (20ms)
			SetLoadedEditorAssemblies (3ms)
			RefreshPlugins (0ms)
			BeforeProcessingInitializeOnLoad (55ms)
			ProcessInitializeOnLoadAttributes (249ms)
			ProcessInitializeOnLoadMethodAttributes (14ms)
			AfterProcessingInitializeOnLoad (12ms)
			EditorAssembliesLoaded (0ms)
		ExecutionOrderSort2 (0ms)
		AwakeInstancesAfterBackupRestoration (6ms)
Refreshing native plugins compatible for Editor in 31.10 ms, found 10 plugins.
Preloading 0 native plugins for Editor in 0.00 ms.
Unloading 3931 Unused Serialized files (Serialized files now loaded: 0)
Unloading 42 unused Assets / (38.3 KB). Loaded Objects now: 4692.
Memory consumption went from 144.1 MB to 144.1 MB.
Total: 2.307800 ms (FindLiveObjects: 0.251000 ms CreateObjectMapping: 0.054500 ms MarkObjects: 1.942800 ms  DeleteObjects: 0.058800 ms)

Prepare: number of updated asset objects reloaded= 0
AssetImportParameters requested are different than current active one (requested -> active):
  custom:container-demuxer-ogg: 62fdf1f143b41e24485cea50d1cbac27 -> 
  custom:video-decoder-ogg-theora: a1e56fd34408186e4bbccfd4996cb3dc -> 
  custom:framework-win-MediaFoundation: 216162199b28c13a410421893ffa2e32 -> 
  custom:CustomObjectIndexerAttribute: 9a22284fe3817be447336de3de66b15e -> 
  custom:container-demuxer-webm: 4f35f7cbe854078d1ac9338744f61a02 -> 
  custom:container-muxer-webm: aa71ff27fc2769a1b78a27578f13a17b -> 
  custom:video-decoder-webm-vp8: 9c59270c3fd7afecdb556c50c9e8de78 -> 
  custom:SearchIndexIgnoredProperties: e643bd26f0fe6173181afceb89e7c659 -> 
  custom:AudioImporter_EditorPlatform: d09bf68614088b80899f8185d706f6e7 -> 
  custom:video-encoder-webm-vp8: eb34c28f22e8b96e1ab97ce403110664 -> 
  custom:audio-decoder-ogg-vorbis: bf7c407c2cedff20999df2af8eb42d56 -> 
  custom:audio-encoder-webm-vorbis: bf7c407c2cedff20999df2af8eb42d56 -> 
  custom:scripting/precompiled-assembly-types:Assembly-CSharp: b9735ceb7b7b36dca70aaecceb0f010c -> b7af8e27620098665de9fa658ac1471d
========================================================================
Received Prepare
Caller must complete domain reload
Begin MonoManager ReloadAssembly
Symbol file LoadedFromMemory is not a mono symbol file
- Loaded All Assemblies, in  0.520 seconds
Native extension for WindowsStandalone target not found
Native extension for Android target not found
Mono: successfully reloaded assembly
- Finished resetting the current domain, in  1.038 seconds
Domain Reload Profiling: 1551ms
	BeginReloadAssembly (132ms)
		ExecutionOrderSort (0ms)
		DisableScriptedObjects (2ms)
		BackupInstance (0ms)
		ReleaseScriptingObjects (0ms)
		CreateAndSetChildDomain (29ms)
	RebuildCommonClasses (26ms)
	RebuildNativeTypeToScriptingClass (11ms)
	initialDomainReloadingComplete (42ms)
	LoadAllAssembliesAndSetupDomain (302ms)
		LoadAssemblies (365ms)
		RebuildTransferFunctionScriptingTraits (0ms)
		AnalyzeDomain (10ms)
			TypeCache.Refresh (4ms)
				TypeCache.ScanAssembly (0ms)
			ScanForSourceGeneratedMonoScriptInfo (0ms)
			ResolveRequiredComponents (5ms)
	FinalizeReload (1038ms)
		ReleaseScriptCaches (0ms)
		RebuildScriptCaches (0ms)
		SetupLoadedEditorAssemblies (386ms)
			LogAssemblyErrors (0ms)
			InitializePlatformSupportModulesInManaged (22ms)
			SetLoadedEditorAssemblies (4ms)
			RefreshPlugins (0ms)
			BeforeProcessingInitializeOnLoad (61ms)
			ProcessInitializeOnLoadAttributes (270ms)
			ProcessInitializeOnLoadMethodAttributes (19ms)
			AfterProcessingInitializeOnLoad (11ms)
			EditorAssembliesLoaded (0ms)
		ExecutionOrderSort2 (0ms)
		AwakeInstancesAfterBackupRestoration (5ms)
Refreshing native plugins compatible for Editor in 29.65 ms, found 10 plugins.
Preloading 0 native plugins for Editor in 0.00 ms.
Unloading 3931 Unused Serialized files (Serialized files now loaded: 0)
Unloading 42 unused Assets / (38.4 KB). Loaded Objects now: 4696.
Memory consumption went from 144.1 MB to 144.1 MB.
Total: 2.828600 ms (FindLiveObjects: 0.283500 ms CreateObjectMapping: 0.054900 ms MarkObjects: 2.428400 ms  DeleteObjects: 0.053100 ms)

Prepare: number of updated asset objects reloaded= 0
AssetImportParameters requested are different than current active one (requested -> active):
  custom:container-demuxer-ogg: 62fdf1f143b41e24485cea50d1cbac27 -> 
  custom:video-decoder-ogg-theora: a1e56fd34408186e4bbccfd4996cb3dc -> 
  custom:framework-win-MediaFoundation: 216162199b28c13a410421893ffa2e32 -> 
  custom:CustomObjectIndexerAttribute: 9a22284fe3817be447336de3de66b15e -> 
  custom:container-demuxer-webm: 4f35f7cbe854078d1ac9338744f61a02 -> 
  custom:container-muxer-webm: aa71ff27fc2769a1b78a27578f13a17b -> 
  custom:video-decoder-webm-vp8: 9c59270c3fd7afecdb556c50c9e8de78 -> 
  custom:SearchIndexIgnoredProperties: e643bd26f0fe6173181afceb89e7c659 -> 
  custom:AudioImporter_EditorPlatform: d09bf68614088b80899f8185d706f6e7 -> 
  custom:video-encoder-webm-vp8: eb34c28f22e8b96e1ab97ce403110664 -> 
  custom:audio-decoder-ogg-vorbis: bf7c407c2cedff20999df2af8eb42d56 -> 
  custom:audio-encoder-webm-vorbis: bf7c407c2cedff20999df2af8eb42d56 -> 
  custom:scripting/precompiled-assembly-types:Assembly-CSharp: b9735ceb7b7b36dca70aaecceb0f010c -> b7af8e27620098665de9fa658ac1471d
========================================================================
Received Prepare
Caller must complete domain reload
Begin MonoManager ReloadAssembly
Symbol file LoadedFromMemory is not a mono symbol file
- Loaded All Assemblies, in  0.550 seconds
Native extension for WindowsStandalone target not found
Native extension for Android target not found
Mono: successfully reloaded assembly
- Finished resetting the current domain, in  1.068 seconds
Domain Reload Profiling: 1613ms
	BeginReloadAssembly (140ms)
		ExecutionOrderSort (0ms)
		DisableScriptedObjects (3ms)
		BackupInstance (0ms)
		ReleaseScriptingObjects (0ms)
		CreateAndSetChildDomain (28ms)
	RebuildCommonClasses (27ms)
	RebuildNativeTypeToScriptingClass (9ms)
	initialDomainReloadingComplete (43ms)
	LoadAllAssembliesAndSetupDomain (325ms)
		LoadAssemblies (386ms)
		RebuildTransferFunctionScriptingTraits (0ms)
		AnalyzeDomain (20ms)
			TypeCache.Refresh (8ms)
				TypeCache.ScanAssembly (1ms)
			ScanForSourceGeneratedMonoScriptInfo (6ms)
			ResolveRequiredComponents (5ms)
	FinalizeReload (1069ms)
		ReleaseScriptCaches (0ms)
		RebuildScriptCaches (0ms)
		SetupLoadedEditorAssemblies (388ms)
			LogAssemblyErrors (0ms)
			InitializePlatformSupportModulesInManaged (25ms)
			SetLoadedEditorAssemblies (4ms)
			RefreshPlugins (0ms)
			BeforeProcessingInitializeOnLoad (59ms)
			ProcessInitializeOnLoadAttributes (269ms)
			ProcessInitializeOnLoadMethodAttributes (19ms)
			AfterProcessingInitializeOnLoad (12ms)
			EditorAssembliesLoaded (0ms)
		ExecutionOrderSort2 (0ms)
		AwakeInstancesAfterBackupRestoration (5ms)
Refreshing native plugins compatible for Editor in 31.96 ms, found 10 plugins.
Preloading 0 native plugins for Editor in 0.00 ms.
Unloading 3931 Unused Serialized files (Serialized files now loaded: 0)
Unloading 42 unused Assets / (38.4 KB). Loaded Objects now: 4700.
Memory consumption went from 144.1 MB to 144.1 MB.
Total: 2.322000 ms (FindLiveObjects: 0.363100 ms CreateObjectMapping: 0.060500 ms MarkObjects: 1.829300 ms  DeleteObjects: 0.067900 ms)

Prepare: number of updated asset objects reloaded= 0
AssetImportParameters requested are different than current active one (requested -> active):
  custom:container-demuxer-ogg: 62fdf1f143b41e24485cea50d1cbac27 -> 
  custom:video-decoder-ogg-theora: a1e56fd34408186e4bbccfd4996cb3dc -> 
  custom:framework-win-MediaFoundation: 216162199b28c13a410421893ffa2e32 -> 
  custom:CustomObjectIndexerAttribute: 9a22284fe3817be447336de3de66b15e -> 
  custom:container-demuxer-webm: 4f35f7cbe854078d1ac9338744f61a02 -> 
  custom:container-muxer-webm: aa71ff27fc2769a1b78a27578f13a17b -> 
  custom:video-decoder-webm-vp8: 9c59270c3fd7afecdb556c50c9e8de78 -> 
  custom:SearchIndexIgnoredProperties: e643bd26f0fe6173181afceb89e7c659 -> 
  custom:AudioImporter_EditorPlatform: d09bf68614088b80899f8185d706f6e7 -> 
  custom:video-encoder-webm-vp8: eb34c28f22e8b96e1ab97ce403110664 -> 
  custom:audio-decoder-ogg-vorbis: bf7c407c2cedff20999df2af8eb42d56 -> 
  custom:audio-encoder-webm-vorbis: bf7c407c2cedff20999df2af8eb42d56 -> 
  custom:scripting/precompiled-assembly-types:Assembly-CSharp: 5d23e14675eb8413efd951fa8b06c132 -> b7af8e27620098665de9fa658ac1471d
========================================================================
Received Prepare
Caller must complete domain reload
Begin MonoManager ReloadAssembly
Symbol file LoadedFromMemory is not a mono symbol file
- Loaded All Assemblies, in  0.565 seconds
Native extension for WindowsStandalone target not found
Native extension for Android target not found
Mono: successfully reloaded assembly
- Finished resetting the current domain, in  1.067 seconds
Domain Reload Profiling: 1626ms
	BeginReloadAssembly (138ms)
		ExecutionOrderSort (0ms)
		DisableScriptedObjects (2ms)
		BackupInstance (0ms)
		ReleaseScriptingObjects (0ms)
		CreateAndSetChildDomain (28ms)
	RebuildCommonClasses (26ms)
	RebuildNativeTypeToScriptingClass (10ms)
	initialDomainReloadingComplete (43ms)
	LoadAllAssembliesAndSetupDomain (342ms)
		LoadAssemblies (396ms)
		RebuildTransferFunctionScriptingTraits (0ms)
		AnalyzeDomain (21ms)
			TypeCache.Refresh (8ms)
				TypeCache.ScanAssembly (1ms)
			ScanForSourceGeneratedMonoScriptInfo (6ms)
			ResolveRequiredComponents (6ms)
	FinalizeReload (1067ms)
		ReleaseScriptCaches (0ms)
		RebuildScriptCaches (0ms)
		SetupLoadedEditorAssemblies (401ms)
			LogAssemblyErrors (0ms)
			InitializePlatformSupportModulesInManaged (22ms)
			SetLoadedEditorAssemblies (4ms)
			RefreshPlugins (0ms)
			BeforeProcessingInitializeOnLoad (58ms)
			ProcessInitializeOnLoadAttributes (281ms)
			ProcessInitializeOnLoadMethodAttributes (22ms)
			AfterProcessingInitializeOnLoad (14ms)
			EditorAssembliesLoaded (0ms)
		ExecutionOrderSort2 (0ms)
		AwakeInstancesAfterBackupRestoration (6ms)
Refreshing native plugins compatible for Editor in 29.88 ms, found 10 plugins.
Preloading 0 native plugins for Editor in 0.00 ms.
Unloading 3931 Unused Serialized files (Serialized files now loaded: 0)
Unloading 42 unused Assets / (38.4 KB). Loaded Objects now: 4704.
Memory consumption went from 144.1 MB to 144.1 MB.
Total: 2.628700 ms (FindLiveObjects: 0.307200 ms CreateObjectMapping: 0.127100 ms MarkObjects: 2.138200 ms  DeleteObjects: 0.055500 ms)

Prepare: number of updated asset objects reloaded= 0
AssetImportParameters requested are different than current active one (requested -> active):
  custom:container-demuxer-ogg: 62fdf1f143b41e24485cea50d1cbac27 -> 
  custom:video-decoder-ogg-theora: a1e56fd34408186e4bbccfd4996cb3dc -> 
  custom:framework-win-MediaFoundation: 216162199b28c13a410421893ffa2e32 -> 
  custom:CustomObjectIndexerAttribute: 9a22284fe3817be447336de3de66b15e -> 
  custom:container-demuxer-webm: 4f35f7cbe854078d1ac9338744f61a02 -> 
  custom:container-muxer-webm: aa71ff27fc2769a1b78a27578f13a17b -> 
  custom:video-decoder-webm-vp8: 9c59270c3fd7afecdb556c50c9e8de78 -> 
  custom:SearchIndexIgnoredProperties: e643bd26f0fe6173181afceb89e7c659 -> 
  custom:AudioImporter_EditorPlatform: d09bf68614088b80899f8185d706f6e7 -> 
  custom:video-encoder-webm-vp8: eb34c28f22e8b96e1ab97ce403110664 -> 
  custom:audio-decoder-ogg-vorbis: bf7c407c2cedff20999df2af8eb42d56 -> 
  custom:audio-encoder-webm-vorbis: bf7c407c2cedff20999df2af8eb42d56 -> 
  custom:scripting/precompiled-assembly-types:Assembly-CSharp: 6a2682d8b75990a37c1b15816507913d -> b7af8e27620098665de9fa658ac1471d
========================================================================
Received Prepare
Caller must complete domain reload
Begin MonoManager ReloadAssembly
Symbol file LoadedFromMemory is not a mono symbol file
- Loaded All Assemblies, in  0.564 seconds
Native extension for WindowsStandalone target not found
Native extension for Android target not found
Mono: successfully reloaded assembly
- Finished resetting the current domain, in  1.036 seconds
Domain Reload Profiling: 1594ms
	BeginReloadAssembly (147ms)
		ExecutionOrderSort (0ms)
		DisableScriptedObjects (4ms)
		BackupInstance (0ms)
		ReleaseScriptingObjects (0ms)
		CreateAndSetChildDomain (28ms)
	RebuildCommonClasses (22ms)
	RebuildNativeTypeToScriptingClass (8ms)
	initialDomainReloadingComplete (45ms)
	LoadAllAssembliesAndSetupDomain (336ms)
		LoadAssemblies (398ms)
		RebuildTransferFunctionScriptingTraits (0ms)
		AnalyzeDomain (21ms)
			TypeCache.Refresh (8ms)
				TypeCache.ScanAssembly (1ms)
			ScanForSourceGeneratedMonoScriptInfo (6ms)
			ResolveRequiredComponents (5ms)
	FinalizeReload (1037ms)
		ReleaseScriptCaches (0ms)
		RebuildScriptCaches (0ms)
		SetupLoadedEditorAssemblies (397ms)
			LogAssemblyErrors (0ms)
			InitializePlatformSupportModulesInManaged (23ms)
			SetLoadedEditorAssemblies (3ms)
			RefreshPlugins (0ms)
			BeforeProcessingInitializeOnLoad (60ms)
			ProcessInitializeOnLoadAttributes (279ms)
			ProcessInitializeOnLoadMethodAttributes (20ms)
			AfterProcessingInitializeOnLoad (12ms)
			EditorAssembliesLoaded (0ms)
		ExecutionOrderSort2 (0ms)
		AwakeInstancesAfterBackupRestoration (5ms)
Refreshing native plugins compatible for Editor in 31.41 ms, found 10 plugins.
Preloading 0 native plugins for Editor in 0.00 ms.
Unloading 3931 Unused Serialized files (Serialized files now loaded: 0)
Unloading 42 unused Assets / (38.4 KB). Loaded Objects now: 4708.
Memory consumption went from 144.1 MB to 144.1 MB.
Total: 2.830800 ms (FindLiveObjects: 0.290000 ms CreateObjectMapping: 0.055400 ms MarkObjects: 2.414400 ms  DeleteObjects: 0.070300 ms)

Prepare: number of updated asset objects reloaded= 0
AssetImportParameters requested are different than current active one (requested -> active):
  custom:container-demuxer-ogg: 62fdf1f143b41e24485cea50d1cbac27 -> 
  custom:video-decoder-ogg-theora: a1e56fd34408186e4bbccfd4996cb3dc -> 
  custom:framework-win-MediaFoundation: 216162199b28c13a410421893ffa2e32 -> 
  custom:CustomObjectIndexerAttribute: 9a22284fe3817be447336de3de66b15e -> 
  custom:container-demuxer-webm: 4f35f7cbe854078d1ac9338744f61a02 -> 
  custom:container-muxer-webm: aa71ff27fc2769a1b78a27578f13a17b -> 
  custom:video-decoder-webm-vp8: 9c59270c3fd7afecdb556c50c9e8de78 -> 
  custom:SearchIndexIgnoredProperties: e643bd26f0fe6173181afceb89e7c659 -> 
  custom:AudioImporter_EditorPlatform: d09bf68614088b80899f8185d706f6e7 -> 
  custom:video-encoder-webm-vp8: eb34c28f22e8b96e1ab97ce403110664 -> 
  custom:audio-decoder-ogg-vorbis: bf7c407c2cedff20999df2af8eb42d56 -> 
  custom:audio-encoder-webm-vorbis: bf7c407c2cedff20999df2af8eb42d56 -> 
  custom:scripting/precompiled-assembly-types:Assembly-CSharp: 6a2682d8b75990a37c1b15816507913d -> b7af8e27620098665de9fa658ac1471d
========================================================================
Received Prepare
Caller must complete domain reload
Begin MonoManager ReloadAssembly
Symbol file LoadedFromMemory is not a mono symbol file
- Loaded All Assemblies, in  0.577 seconds
Native extension for WindowsStandalone target not found
Native extension for Android target not found
Mono: successfully reloaded assembly
- Finished resetting the current domain, in  1.134 seconds
Domain Reload Profiling: 1706ms
	BeginReloadAssembly (145ms)
		ExecutionOrderSort (0ms)
		DisableScriptedObjects (4ms)
		BackupInstance (0ms)
		ReleaseScriptingObjects (0ms)
		CreateAndSetChildDomain (27ms)
	RebuildCommonClasses (26ms)
	RebuildNativeTypeToScriptingClass (7ms)
	initialDomainReloadingComplete (42ms)
	LoadAllAssembliesAndSetupDomain (353ms)
		LoadAssemblies (414ms)
		RebuildTransferFunctionScriptingTraits (0ms)
		AnalyzeDomain (23ms)
			TypeCache.Refresh (9ms)
				TypeCache.ScanAssembly (1ms)
			ScanForSourceGeneratedMonoScriptInfo (6ms)
			ResolveRequiredComponents (7ms)
	FinalizeReload (1134ms)
		ReleaseScriptCaches (0ms)
		RebuildScriptCaches (0ms)
		SetupLoadedEditorAssemblies (403ms)
			LogAssemblyErrors (0ms)
			InitializePlatformSupportModulesInManaged (25ms)
			SetLoadedEditorAssemblies (4ms)
			RefreshPlugins (0ms)
			BeforeProcessingInitializeOnLoad (61ms)
			ProcessInitializeOnLoadAttributes (279ms)
			ProcessInitializeOnLoadMethodAttributes (21ms)
			AfterProcessingInitializeOnLoad (12ms)
			EditorAssembliesLoaded (0ms)
		ExecutionOrderSort2 (0ms)
		AwakeInstancesAfterBackupRestoration (5ms)
Refreshing native plugins compatible for Editor in 35.76 ms, found 10 plugins.
Preloading 0 native plugins for Editor in 0.00 ms.
Unloading 3931 Unused Serialized files (Serialized files now loaded: 0)
Unloading 42 unused Assets / (38.4 KB). Loaded Objects now: 4712.
Memory consumption went from 144.2 MB to 144.1 MB.
Total: 3.124100 ms (FindLiveObjects: 0.441400 ms CreateObjectMapping: 0.105200 ms MarkObjects: 2.511900 ms  DeleteObjects: 0.064500 ms)

Prepare: number of updated asset objects reloaded= 0
AssetImportParameters requested are different than current active one (requested -> active):
  custom:container-demuxer-ogg: 62fdf1f143b41e24485cea50d1cbac27 -> 
  custom:video-decoder-ogg-theora: a1e56fd34408186e4bbccfd4996cb3dc -> 
  custom:framework-win-MediaFoundation: 216162199b28c13a410421893ffa2e32 -> 
  custom:CustomObjectIndexerAttribute: 9a22284fe3817be447336de3de66b15e -> 
  custom:container-demuxer-webm: 4f35f7cbe854078d1ac9338744f61a02 -> 
  custom:container-muxer-webm: aa71ff27fc2769a1b78a27578f13a17b -> 
  custom:video-decoder-webm-vp8: 9c59270c3fd7afecdb556c50c9e8de78 -> 
  custom:SearchIndexIgnoredProperties: e643bd26f0fe6173181afceb89e7c659 -> 
  custom:AudioImporter_EditorPlatform: d09bf68614088b80899f8185d706f6e7 -> 
  custom:video-encoder-webm-vp8: eb34c28f22e8b96e1ab97ce403110664 -> 
  custom:audio-decoder-ogg-vorbis: bf7c407c2cedff20999df2af8eb42d56 -> 
  custom:audio-encoder-webm-vorbis: bf7c407c2cedff20999df2af8eb42d56 -> 
  custom:scripting/precompiled-assembly-types:Assembly-CSharp: 6a2682d8b75990a37c1b15816507913d -> b7af8e27620098665de9fa658ac1471d
========================================================================
Received Prepare
Caller must complete domain reload
Begin MonoManager ReloadAssembly
Symbol file LoadedFromMemory is not a mono symbol file
- Loaded All Assemblies, in  0.576 seconds
Native extension for WindowsStandalone target not found
Native extension for Android target not found
Mono: successfully reloaded assembly
- Finished resetting the current domain, in  1.096 seconds
Domain Reload Profiling: 1667ms
	BeginReloadAssembly (150ms)
		ExecutionOrderSort (0ms)
		DisableScriptedObjects (2ms)
		BackupInstance (0ms)
		ReleaseScriptingObjects (0ms)
		CreateAndSetChildDomain (29ms)
	RebuildCommonClasses (32ms)
	RebuildNativeTypeToScriptingClass (9ms)
	initialDomainReloadingComplete (48ms)
	LoadAllAssembliesAndSetupDomain (332ms)
		LoadAssemblies (400ms)
		RebuildTransferFunctionScriptingTraits (0ms)
		AnalyzeDomain (22ms)
			TypeCache.Refresh (8ms)
				TypeCache.ScanAssembly (1ms)
			ScanForSourceGeneratedMonoScriptInfo (7ms)
			ResolveRequiredComponents (5ms)
	FinalizeReload (1097ms)
		ReleaseScriptCaches (0ms)
		RebuildScriptCaches (0ms)
		SetupLoadedEditorAssemblies (417ms)
			LogAssemblyErrors (0ms)
			InitializePlatformSupportModulesInManaged (24ms)
			SetLoadedEditorAssemblies (3ms)
			RefreshPlugins (0ms)
			BeforeProcessingInitializeOnLoad (63ms)
			ProcessInitializeOnLoadAttributes (293ms)
			ProcessInitializeOnLoadMethodAttributes (21ms)
			AfterProcessingInitializeOnLoad (14ms)
			EditorAssembliesLoaded (0ms)
		ExecutionOrderSort2 (0ms)
		AwakeInstancesAfterBackupRestoration (7ms)
Refreshing native plugins compatible for Editor in 35.35 ms, found 10 plugins.
Preloading 0 native plugins for Editor in 0.00 ms.
Unloading 3931 Unused Serialized files (Serialized files now loaded: 0)
Unloading 42 unused Assets / (38.5 KB). Loaded Objects now: 4716.
Memory consumption went from 144.2 MB to 144.1 MB.
Total: 2.701300 ms (FindLiveObjects: 0.428800 ms CreateObjectMapping: 0.094900 ms MarkObjects: 2.109200 ms  DeleteObjects: 0.067800 ms)

Prepare: number of updated asset objects reloaded= 0
AssetImportParameters requested are different than current active one (requested -> active):
  custom:container-demuxer-ogg: 62fdf1f143b41e24485cea50d1cbac27 -> 
  custom:video-decoder-ogg-theora: a1e56fd34408186e4bbccfd4996cb3dc -> 
  custom:framework-win-MediaFoundation: 216162199b28c13a410421893ffa2e32 -> 
  custom:CustomObjectIndexerAttribute: 9a22284fe3817be447336de3de66b15e -> 
  custom:container-demuxer-webm: 4f35f7cbe854078d1ac9338744f61a02 -> 
  custom:container-muxer-webm: aa71ff27fc2769a1b78a27578f13a17b -> 
  custom:video-decoder-webm-vp8: 9c59270c3fd7afecdb556c50c9e8de78 -> 
  custom:SearchIndexIgnoredProperties: e643bd26f0fe6173181afceb89e7c659 -> 
  custom:AudioImporter_EditorPlatform: d09bf68614088b80899f8185d706f6e7 -> 
  custom:video-encoder-webm-vp8: eb34c28f22e8b96e1ab97ce403110664 -> 
  custom:audio-decoder-ogg-vorbis: bf7c407c2cedff20999df2af8eb42d56 -> 
  custom:audio-encoder-webm-vorbis: bf7c407c2cedff20999df2af8eb42d56 -> 
  custom:scripting/precompiled-assembly-types:Assembly-CSharp: 6a2682d8b75990a37c1b15816507913d -> b7af8e27620098665de9fa658ac1471d
========================================================================
Received Prepare
Caller must complete domain reload
Begin MonoManager ReloadAssembly
Symbol file LoadedFromMemory is not a mono symbol file
- Loaded All Assemblies, in  0.543 seconds
Native extension for WindowsStandalone target not found
Native extension for Android target not found
Mono: successfully reloaded assembly
- Finished resetting the current domain, in  1.006 seconds
Domain Reload Profiling: 1542ms
	BeginReloadAssembly (139ms)
		ExecutionOrderSort (0ms)
		DisableScriptedObjects (2ms)
		BackupInstance (0ms)
		ReleaseScriptingObjects (0ms)
		CreateAndSetChildDomain (30ms)
	RebuildCommonClasses (26ms)
	RebuildNativeTypeToScriptingClass (7ms)
	initialDomainReloadingComplete (44ms)
	LoadAllAssembliesAndSetupDomain (319ms)
		LoadAssemblies (376ms)
		RebuildTransferFunctionScriptingTraits (0ms)
		AnalyzeDomain (18ms)
			TypeCache.Refresh (8ms)
				TypeCache.ScanAssembly (1ms)
			ScanForSourceGeneratedMonoScriptInfo (5ms)
			ResolveRequiredComponents (4ms)
	FinalizeReload (1007ms)
		ReleaseScriptCaches (0ms)
		RebuildScriptCaches (0ms)
		SetupLoadedEditorAssemblies (355ms)
			LogAssemblyErrors (0ms)
			InitializePlatformSupportModulesInManaged (21ms)
			SetLoadedEditorAssemblies (3ms)
			RefreshPlugins (0ms)
			BeforeProcessingInitializeOnLoad (52ms)
			ProcessInitializeOnLoadAttributes (246ms)
			ProcessInitializeOnLoadMethodAttributes (19ms)
			AfterProcessingInitializeOnLoad (13ms)
			EditorAssembliesLoaded (0ms)
		ExecutionOrderSort2 (0ms)
		AwakeInstancesAfterBackupRestoration (7ms)
Refreshing native plugins compatible for Editor in 29.09 ms, found 10 plugins.
Preloading 0 native plugins for Editor in 0.00 ms.
Unloading 3931 Unused Serialized files (Serialized files now loaded: 0)
Unloading 42 unused Assets / (38.4 KB). Loaded Objects now: 4720.
Memory consumption went from 144.2 MB to 144.1 MB.
Total: 2.185200 ms (FindLiveObjects: 0.259500 ms CreateObjectMapping: 0.054900 ms MarkObjects: 1.811000 ms  DeleteObjects: 0.059100 ms)

Prepare: number of updated asset objects reloaded= 0
AssetImportParameters requested are different than current active one (requested -> active):
  custom:container-demuxer-ogg: 62fdf1f143b41e24485cea50d1cbac27 -> 
  custom:video-decoder-ogg-theora: a1e56fd34408186e4bbccfd4996cb3dc -> 
  custom:framework-win-MediaFoundation: 216162199b28c13a410421893ffa2e32 -> 
  custom:CustomObjectIndexerAttribute: 9a22284fe3817be447336de3de66b15e -> 
  custom:container-demuxer-webm: 4f35f7cbe854078d1ac9338744f61a02 -> 
  custom:container-muxer-webm: aa71ff27fc2769a1b78a27578f13a17b -> 
  custom:video-decoder-webm-vp8: 9c59270c3fd7afecdb556c50c9e8de78 -> 
  custom:SearchIndexIgnoredProperties: e643bd26f0fe6173181afceb89e7c659 -> 
  custom:AudioImporter_EditorPlatform: d09bf68614088b80899f8185d706f6e7 -> 
  custom:video-encoder-webm-vp8: eb34c28f22e8b96e1ab97ce403110664 -> 
  custom:audio-decoder-ogg-vorbis: bf7c407c2cedff20999df2af8eb42d56 -> 
  custom:audio-encoder-webm-vorbis: bf7c407c2cedff20999df2af8eb42d56 -> 
  custom:scripting/precompiled-assembly-types:Assembly-CSharp: 6a2682d8b75990a37c1b15816507913d -> b7af8e27620098665de9fa658ac1471d
========================================================================
Received Prepare
Caller must complete domain reload
Begin MonoManager ReloadAssembly
Symbol file LoadedFromMemory is not a mono symbol file
- Loaded All Assemblies, in  0.548 seconds
Native extension for WindowsStandalone target not found
Native extension for Android target not found
Mono: successfully reloaded assembly
- Finished resetting the current domain, in  0.989 seconds
Domain Reload Profiling: 1532ms
	BeginReloadAssembly (139ms)
		ExecutionOrderSort (0ms)
		DisableScriptedObjects (2ms)
		BackupInstance (0ms)
		ReleaseScriptingObjects (0ms)
		CreateAndSetChildDomain (34ms)
	RebuildCommonClasses (24ms)
	RebuildNativeTypeToScriptingClass (11ms)
	initialDomainReloadingComplete (44ms)
	LoadAllAssembliesAndSetupDomain (324ms)
		LoadAssemblies (374ms)
		RebuildTransferFunctionScriptingTraits (0ms)
		AnalyzeDomain (20ms)
			TypeCache.Refresh (8ms)
				TypeCache.ScanAssembly (1ms)
			ScanForSourceGeneratedMonoScriptInfo (6ms)
			ResolveRequiredComponents (5ms)
	FinalizeReload (990ms)
		ReleaseScriptCaches (0ms)
		RebuildScriptCaches (0ms)
		SetupLoadedEditorAssemblies (354ms)
			LogAssemblyErrors (0ms)
			InitializePlatformSupportModulesInManaged (22ms)
			SetLoadedEditorAssemblies (3ms)
			RefreshPlugins (0ms)
			BeforeProcessingInitializeOnLoad (54ms)
			ProcessInitializeOnLoadAttributes (245ms)
			ProcessInitializeOnLoadMethodAttributes (17ms)
			AfterProcessingInitializeOnLoad (12ms)
			EditorAssembliesLoaded (0ms)
		ExecutionOrderSort2 (0ms)
		AwakeInstancesAfterBackupRestoration (5ms)
Refreshing native plugins compatible for Editor in 27.77 ms, found 10 plugins.
Preloading 0 native plugins for Editor in 0.00 ms.
Unloading 3931 Unused Serialized files (Serialized files now loaded: 0)
Unloading 42 unused Assets / (38.4 KB). Loaded Objects now: 4724.
Memory consumption went from 144.2 MB to 144.1 MB.
Total: 2.284300 ms (FindLiveObjects: 0.261300 ms CreateObjectMapping: 0.055500 ms MarkObjects: 1.899700 ms  DeleteObjects: 0.067000 ms)

Prepare: number of updated asset objects reloaded= 0
AssetImportParameters requested are different than current active one (requested -> active):
  custom:container-demuxer-ogg: 62fdf1f143b41e24485cea50d1cbac27 -> 
  custom:video-decoder-ogg-theora: a1e56fd34408186e4bbccfd4996cb3dc -> 
  custom:framework-win-MediaFoundation: 216162199b28c13a410421893ffa2e32 -> 
  custom:CustomObjectIndexerAttribute: 9a22284fe3817be447336de3de66b15e -> 
  custom:container-demuxer-webm: 4f35f7cbe854078d1ac9338744f61a02 -> 
  custom:container-muxer-webm: aa71ff27fc2769a1b78a27578f13a17b -> 
  custom:video-decoder-webm-vp8: 9c59270c3fd7afecdb556c50c9e8de78 -> 
  custom:SearchIndexIgnoredProperties: e643bd26f0fe6173181afceb89e7c659 -> 
  custom:AudioImporter_EditorPlatform: d09bf68614088b80899f8185d706f6e7 -> 
  custom:video-encoder-webm-vp8: eb34c28f22e8b96e1ab97ce403110664 -> 
  custom:audio-decoder-ogg-vorbis: bf7c407c2cedff20999df2af8eb42d56 -> 
  custom:audio-encoder-webm-vorbis: bf7c407c2cedff20999df2af8eb42d56 -> 
  custom:scripting/precompiled-assembly-types:Assembly-CSharp: 6a2682d8b75990a37c1b15816507913d -> b7af8e27620098665de9fa658ac1471d
========================================================================
Received Prepare
Caller must complete domain reload
Begin MonoManager ReloadAssembly
Symbol file LoadedFromMemory is not a mono symbol file
- Loaded All Assemblies, in  0.546 seconds
Native extension for WindowsStandalone target not found
Native extension for Android target not found
Mono: successfully reloaded assembly
- Finished resetting the current domain, in  1.000 seconds
Domain Reload Profiling: 1540ms
	BeginReloadAssembly (144ms)
		ExecutionOrderSort (0ms)
		DisableScriptedObjects (4ms)
		BackupInstance (0ms)
		ReleaseScriptingObjects (0ms)
		CreateAndSetChildDomain (31ms)
	RebuildCommonClasses (22ms)
	RebuildNativeTypeToScriptingClass (7ms)
	initialDomainReloadingComplete (41ms)
	LoadAllAssembliesAndSetupDomain (325ms)
		LoadAssemblies (379ms)
		RebuildTransferFunctionScriptingTraits (0ms)
		AnalyzeDomain (21ms)
			TypeCache.Refresh (9ms)
				TypeCache.ScanAssembly (1ms)
			ScanForSourceGeneratedMonoScriptInfo (7ms)
			ResolveRequiredComponents (4ms)
	FinalizeReload (1000ms)
		ReleaseScriptCaches (0ms)
		RebuildScriptCaches (0ms)
		SetupLoadedEditorAssemblies (359ms)
			LogAssemblyErrors (0ms)
			InitializePlatformSupportModulesInManaged (21ms)
			SetLoadedEditorAssemblies (4ms)
			RefreshPlugins (0ms)
			BeforeProcessingInitializeOnLoad (61ms)
			ProcessInitializeOnLoadAttributes (245ms)
			ProcessInitializeOnLoadMethodAttributes (15ms)
			AfterProcessingInitializeOnLoad (12ms)
			EditorAssembliesLoaded (0ms)
		ExecutionOrderSort2 (0ms)
		AwakeInstancesAfterBackupRestoration (4ms)
Refreshing native plugins compatible for Editor in 30.73 ms, found 10 plugins.
Preloading 0 native plugins for Editor in 0.00 ms.
Unloading 3931 Unused Serialized files (Serialized files now loaded: 0)
Unloading 42 unused Assets / (38.4 KB). Loaded Objects now: 4728.
Memory consumption went from 144.2 MB to 144.1 MB.
Total: 2.099800 ms (FindLiveObjects: 0.255800 ms CreateObjectMapping: 0.053900 ms MarkObjects: 1.740900 ms  DeleteObjects: 0.048700 ms)

Prepare: number of updated asset objects reloaded= 0
AssetImportParameters requested are different than current active one (requested -> active):
  custom:container-demuxer-ogg: 62fdf1f143b41e24485cea50d1cbac27 -> 
  custom:video-decoder-ogg-theora: a1e56fd34408186e4bbccfd4996cb3dc -> 
  custom:framework-win-MediaFoundation: 216162199b28c13a410421893ffa2e32 -> 
  custom:CustomObjectIndexerAttribute: 9a22284fe3817be447336de3de66b15e -> 
  custom:container-demuxer-webm: 4f35f7cbe854078d1ac9338744f61a02 -> 
  custom:container-muxer-webm: aa71ff27fc2769a1b78a27578f13a17b -> 
  custom:video-decoder-webm-vp8: 9c59270c3fd7afecdb556c50c9e8de78 -> 
  custom:SearchIndexIgnoredProperties: e643bd26f0fe6173181afceb89e7c659 -> 
  custom:AudioImporter_EditorPlatform: d09bf68614088b80899f8185d706f6e7 -> 
  custom:video-encoder-webm-vp8: eb34c28f22e8b96e1ab97ce403110664 -> 
  custom:audio-decoder-ogg-vorbis: bf7c407c2cedff20999df2af8eb42d56 -> 
  custom:audio-encoder-webm-vorbis: bf7c407c2cedff20999df2af8eb42d56 -> 
  custom:scripting/precompiled-assembly-types:Assembly-CSharp: 6a2682d8b75990a37c1b15816507913d -> b7af8e27620098665de9fa658ac1471d
========================================================================
Received Prepare
Caller must complete domain reload
Begin MonoManager ReloadAssembly
Symbol file LoadedFromMemory is not a mono symbol file
- Loaded All Assemblies, in  0.477 seconds
Native extension for WindowsStandalone target not found
Native extension for Android target not found
Mono: successfully reloaded assembly
- Finished resetting the current domain, in  0.990 seconds
Domain Reload Profiling: 1461ms
	BeginReloadAssembly (123ms)
		ExecutionOrderSort (0ms)
		DisableScriptedObjects (3ms)
		BackupInstance (0ms)
		ReleaseScriptingObjects (0ms)
		CreateAndSetChildDomain (25ms)
	RebuildCommonClasses (21ms)
	RebuildNativeTypeToScriptingClass (7ms)
	initialDomainReloadingComplete (39ms)
	LoadAllAssembliesAndSetupDomain (282ms)
		LoadAssemblies (338ms)
		RebuildTransferFunctionScriptingTraits (0ms)
		AnalyzeDomain (12ms)
			TypeCache.Refresh (5ms)
				TypeCache.ScanAssembly (0ms)
			ScanForSourceGeneratedMonoScriptInfo (0ms)
			ResolveRequiredComponents (6ms)
	FinalizeReload (990ms)
		ReleaseScriptCaches (0ms)
		RebuildScriptCaches (0ms)
		SetupLoadedEditorAssemblies (368ms)
			LogAssemblyErrors (0ms)
			InitializePlatformSupportModulesInManaged (21ms)
			SetLoadedEditorAssemblies (3ms)
			RefreshPlugins (0ms)
			BeforeProcessingInitializeOnLoad (55ms)
			ProcessInitializeOnLoadAttributes (262ms)
			ProcessInitializeOnLoadMethodAttributes (17ms)
			AfterProcessingInitializeOnLoad (11ms)
			EditorAssembliesLoaded (0ms)
		ExecutionOrderSort2 (0ms)
		AwakeInstancesAfterBackupRestoration (5ms)
Refreshing native plugins compatible for Editor in 32.61 ms, found 10 plugins.
Preloading 0 native plugins for Editor in 0.00 ms.
Unloading 3931 Unused Serialized files (Serialized files now loaded: 0)
Unloading 42 unused Assets / (38.4 KB). Loaded Objects now: 4732.
Memory consumption went from 144.2 MB to 144.2 MB.
Total: 2.929700 ms (FindLiveObjects: 0.297400 ms CreateObjectMapping: 0.086100 ms MarkObjects: 2.491500 ms  DeleteObjects: 0.054100 ms)

Prepare: number of updated asset objects reloaded= 0
AssetImportParameters requested are different than current active one (requested -> active):
  custom:container-demuxer-ogg: 62fdf1f143b41e24485cea50d1cbac27 -> 
  custom:video-decoder-ogg-theora: a1e56fd34408186e4bbccfd4996cb3dc -> 
  custom:framework-win-MediaFoundation: 216162199b28c13a410421893ffa2e32 -> 
  custom:CustomObjectIndexerAttribute: 9a22284fe3817be447336de3de66b15e -> 
  custom:container-demuxer-webm: 4f35f7cbe854078d1ac9338744f61a02 -> 
  custom:container-muxer-webm: aa71ff27fc2769a1b78a27578f13a17b -> 
  custom:video-decoder-webm-vp8: 9c59270c3fd7afecdb556c50c9e8de78 -> 
  custom:SearchIndexIgnoredProperties: e643bd26f0fe6173181afceb89e7c659 -> 
  custom:AudioImporter_EditorPlatform: d09bf68614088b80899f8185d706f6e7 -> 
  custom:video-encoder-webm-vp8: eb34c28f22e8b96e1ab97ce403110664 -> 
  custom:audio-decoder-ogg-vorbis: bf7c407c2cedff20999df2af8eb42d56 -> 
  custom:audio-encoder-webm-vorbis: bf7c407c2cedff20999df2af8eb42d56 -> 
  custom:scripting/precompiled-assembly-types:Assembly-CSharp: 6a2682d8b75990a37c1b15816507913d -> b7af8e27620098665de9fa658ac1471d
========================================================================
Received Prepare
Caller must complete domain reload
Begin MonoManager ReloadAssembly
Symbol file LoadedFromMemory is not a mono symbol file
- Loaded All Assemblies, in  0.470 seconds
Native extension for WindowsStandalone target not found
Native extension for Android target not found
Mono: successfully reloaded assembly
- Finished resetting the current domain, in  0.967 seconds
Domain Reload Profiling: 1433ms
	BeginReloadAssembly (125ms)
		ExecutionOrderSort (0ms)
		DisableScriptedObjects (3ms)
		BackupInstance (0ms)
		ReleaseScriptingObjects (0ms)
		CreateAndSetChildDomain (27ms)
	RebuildCommonClasses (22ms)
	RebuildNativeTypeToScriptingClass (7ms)
	initialDomainReloadingComplete (38ms)
	LoadAllAssembliesAndSetupDomain (274ms)
		LoadAssemblies (332ms)
		RebuildTransferFunctionScriptingTraits (0ms)
		AnalyzeDomain (9ms)
			TypeCache.Refresh (4ms)
				TypeCache.ScanAssembly (0ms)
			ScanForSourceGeneratedMonoScriptInfo (0ms)
			ResolveRequiredComponents (5ms)
	FinalizeReload (968ms)
		ReleaseScriptCaches (0ms)
		RebuildScriptCaches (0ms)
		SetupLoadedEditorAssemblies (360ms)
			LogAssemblyErrors (0ms)
			InitializePlatformSupportModulesInManaged (21ms)
			SetLoadedEditorAssemblies (3ms)
			RefreshPlugins (0ms)
			BeforeProcessingInitializeOnLoad (57ms)
			ProcessInitializeOnLoadAttributes (252ms)
			ProcessInitializeOnLoadMethodAttributes (17ms)
			AfterProcessingInitializeOnLoad (10ms)
			EditorAssembliesLoaded (0ms)
		ExecutionOrderSort2 (0ms)
		AwakeInstancesAfterBackupRestoration (6ms)
Refreshing native plugins compatible for Editor in 29.20 ms, found 10 plugins.
Preloading 0 native plugins for Editor in 0.00 ms.
Unloading 3931 Unused Serialized files (Serialized files now loaded: 0)
Unloading 42 unused Assets / (38.5 KB). Loaded Objects now: 4736.
Memory consumption went from 144.2 MB to 144.2 MB.
Total: 2.214500 ms (FindLiveObjects: 0.267900 ms CreateObjectMapping: 0.055700 ms MarkObjects: 1.835600 ms  DeleteObjects: 0.054700 ms)

Prepare: number of updated asset objects reloaded= 0
AssetImportParameters requested are different than current active one (requested -> active):
  custom:container-demuxer-ogg: 62fdf1f143b41e24485cea50d1cbac27 -> 
  custom:video-decoder-ogg-theora: a1e56fd34408186e4bbccfd4996cb3dc -> 
  custom:framework-win-MediaFoundation: 216162199b28c13a410421893ffa2e32 -> 
  custom:CustomObjectIndexerAttribute: 9a22284fe3817be447336de3de66b15e -> 
  custom:container-demuxer-webm: 4f35f7cbe854078d1ac9338744f61a02 -> 
  custom:container-muxer-webm: aa71ff27fc2769a1b78a27578f13a17b -> 
  custom:video-decoder-webm-vp8: 9c59270c3fd7afecdb556c50c9e8de78 -> 
  custom:SearchIndexIgnoredProperties: e643bd26f0fe6173181afceb89e7c659 -> 
  custom:AudioImporter_EditorPlatform: d09bf68614088b80899f8185d706f6e7 -> 
  custom:video-encoder-webm-vp8: eb34c28f22e8b96e1ab97ce403110664 -> 
  custom:audio-decoder-ogg-vorbis: bf7c407c2cedff20999df2af8eb42d56 -> 
  custom:audio-encoder-webm-vorbis: bf7c407c2cedff20999df2af8eb42d56 -> 
  custom:scripting/precompiled-assembly-types:Assembly-CSharp: 6a2682d8b75990a37c1b15816507913d -> b7af8e27620098665de9fa658ac1471d
========================================================================
Received Prepare
Caller must complete domain reload
Begin MonoManager ReloadAssembly
Symbol file LoadedFromMemory is not a mono symbol file
- Loaded All Assemblies, in  0.535 seconds
Native extension for WindowsStandalone target not found
Native extension for Android target not found
Mono: successfully reloaded assembly
- Finished resetting the current domain, in  1.006 seconds
Domain Reload Profiling: 1536ms
	BeginReloadAssembly (137ms)
		ExecutionOrderSort (0ms)
		DisableScriptedObjects (2ms)
		BackupInstance (0ms)
		ReleaseScriptingObjects (0ms)
		CreateAndSetChildDomain (30ms)
	RebuildCommonClasses (25ms)
	RebuildNativeTypeToScriptingClass (7ms)
	initialDomainReloadingComplete (41ms)
	LoadAllAssembliesAndSetupDomain (319ms)
		LoadAssemblies (374ms)
		RebuildTransferFunctionScriptingTraits (0ms)
		AnalyzeDomain (21ms)
			TypeCache.Refresh (7ms)
				TypeCache.ScanAssembly (1ms)
			ScanForSourceGeneratedMonoScriptInfo (8ms)
			ResolveRequiredComponents (5ms)
	FinalizeReload (1007ms)
		ReleaseScriptCaches (0ms)
		RebuildScriptCaches (0ms)
		SetupLoadedEditorAssemblies (361ms)
			LogAssemblyErrors (0ms)
			InitializePlatformSupportModulesInManaged (26ms)
			SetLoadedEditorAssemblies (5ms)
			RefreshPlugins (0ms)
			BeforeProcessingInitializeOnLoad (60ms)
			ProcessInitializeOnLoadAttributes (243ms)
			ProcessInitializeOnLoadMethodAttributes (14ms)
			AfterProcessingInitializeOnLoad (12ms)
			EditorAssembliesLoaded (0ms)
		ExecutionOrderSort2 (0ms)
		AwakeInstancesAfterBackupRestoration (5ms)
Script is not up to date after domain reload: guid(a898fb1bab1dd2d4a82252d72e29dbc2) path("Assets/300.Scripts/304.Photon/NetWorkLauncher.cs") state(2)
Refreshing native plugins compatible for Editor in 32.11 ms, found 10 plugins.
Preloading 0 native plugins for Editor in 0.00 ms.
Unloading 3930 Unused Serialized files (Serialized files now loaded: 0)
Unloading 42 unused Assets / (38.5 KB). Loaded Objects now: 4739.
Memory consumption went from 144.2 MB to 144.1 MB.
Total: 3.140700 ms (FindLiveObjects: 0.469500 ms CreateObjectMapping: 0.105600 ms MarkObjects: 2.500000 ms  DeleteObjects: 0.064500 ms)

Prepare: number of updated asset objects reloaded= 0
AssetImportParameters requested are different than current active one (requested -> active):
  custom:container-demuxer-ogg: 62fdf1f143b41e24485cea50d1cbac27 -> 
  custom:video-decoder-ogg-theora: a1e56fd34408186e4bbccfd4996cb3dc -> 
  custom:framework-win-MediaFoundation: 216162199b28c13a410421893ffa2e32 -> 
  custom:CustomObjectIndexerAttribute: 9a22284fe3817be447336de3de66b15e -> 
  custom:container-demuxer-webm: 4f35f7cbe854078d1ac9338744f61a02 -> 
  custom:container-muxer-webm: aa71ff27fc2769a1b78a27578f13a17b -> 
  custom:video-decoder-webm-vp8: 9c59270c3fd7afecdb556c50c9e8de78 -> 
  custom:SearchIndexIgnoredProperties: e643bd26f0fe6173181afceb89e7c659 -> 
  custom:AudioImporter_EditorPlatform: d09bf68614088b80899f8185d706f6e7 -> 
  custom:video-encoder-webm-vp8: eb34c28f22e8b96e1ab97ce403110664 -> 
  custom:audio-decoder-ogg-vorbis: bf7c407c2cedff20999df2af8eb42d56 -> 
  custom:audio-encoder-webm-vorbis: bf7c407c2cedff20999df2af8eb42d56 -> 
  custom:scripting/precompiled-assembly-types:Assembly-CSharp: e2a162af377507ede95911f2a96175f3 -> b7af8e27620098665de9fa658ac1471d
========================================================================
Received Prepare
Caller must complete domain reload
Begin MonoManager ReloadAssembly
Symbol file LoadedFromMemory is not a mono symbol file
- Loaded All Assemblies, in  0.515 seconds
Native extension for WindowsStandalone target not found
Native extension for Android target not found
Mono: successfully reloaded assembly
- Finished resetting the current domain, in  0.905 seconds
Domain Reload Profiling: 1415ms
	BeginReloadAssembly (132ms)
		ExecutionOrderSort (0ms)
		DisableScriptedObjects (3ms)
		BackupInstance (0ms)
		ReleaseScriptingObjects (0ms)
		CreateAndSetChildDomain (27ms)
	RebuildCommonClasses (23ms)
	RebuildNativeTypeToScriptingClass (10ms)
	initialDomainReloadingComplete (45ms)
	LoadAllAssembliesAndSetupDomain (298ms)
		LoadAssemblies (349ms)
		RebuildTransferFunctionScriptingTraits (0ms)
		AnalyzeDomain (21ms)
			TypeCache.Refresh (9ms)
				TypeCache.ScanAssembly (1ms)
			ScanForSourceGeneratedMonoScriptInfo (5ms)
			ResolveRequiredComponents (6ms)
	FinalizeReload (905ms)
		ReleaseScriptCaches (0ms)
		RebuildScriptCaches (0ms)
		SetupLoadedEditorAssemblies (317ms)
			LogAssemblyErrors (0ms)
			InitializePlatformSupportModulesInManaged (18ms)
			SetLoadedEditorAssemblies (3ms)
			RefreshPlugins (0ms)
			BeforeProcessingInitializeOnLoad (51ms)
			ProcessInitializeOnLoadAttributes (222ms)
			ProcessInitializeOnLoadMethodAttributes (14ms)
			AfterProcessingInitializeOnLoad (10ms)
			EditorAssembliesLoaded (0ms)
		ExecutionOrderSort2 (0ms)
		AwakeInstancesAfterBackupRestoration (5ms)
Refreshing native plugins compatible for Editor in 26.59 ms, found 10 plugins.
Preloading 0 native plugins for Editor in 0.00 ms.
Unloading 3931 Unused Serialized files (Serialized files now loaded: 0)
Unloading 42 unused Assets / (38.5 KB). Loaded Objects now: 4744.
Memory consumption went from 144.2 MB to 144.2 MB.
Total: 2.108800 ms (FindLiveObjects: 0.264100 ms CreateObjectMapping: 0.054200 ms MarkObjects: 1.744800 ms  DeleteObjects: 0.045000 ms)

Prepare: number of updated asset objects reloaded= 0
AssetImportParameters requested are different than current active one (requested -> active):
  custom:container-demuxer-ogg: 62fdf1f143b41e24485cea50d1cbac27 -> 
  custom:video-decoder-ogg-theora: a1e56fd34408186e4bbccfd4996cb3dc -> 
  custom:framework-win-MediaFoundation: 216162199b28c13a410421893ffa2e32 -> 
  custom:CustomObjectIndexerAttribute: 9a22284fe3817be447336de3de66b15e -> 
  custom:container-demuxer-webm: 4f35f7cbe854078d1ac9338744f61a02 -> 
  custom:container-muxer-webm: aa71ff27fc2769a1b78a27578f13a17b -> 
  custom:video-decoder-webm-vp8: 9c59270c3fd7afecdb556c50c9e8de78 -> 
  custom:SearchIndexIgnoredProperties: e643bd26f0fe6173181afceb89e7c659 -> 
  custom:AudioImporter_EditorPlatform: d09bf68614088b80899f8185d706f6e7 -> 
  custom:video-encoder-webm-vp8: eb34c28f22e8b96e1ab97ce403110664 -> 
  custom:audio-decoder-ogg-vorbis: bf7c407c2cedff20999df2af8eb42d56 -> 
  custom:audio-encoder-webm-vorbis: bf7c407c2cedff20999df2af8eb42d56 -> 
  custom:scripting/precompiled-assembly-types:Assembly-CSharp: e2a162af377507ede95911f2a96175f3 -> b7af8e27620098665de9fa658ac1471d
========================================================================
Received Prepare
Caller must complete domain reload
Begin MonoManager ReloadAssembly
Symbol file LoadedFromMemory is not a mono symbol file
- Loaded All Assemblies, in  0.502 seconds
Native extension for WindowsStandalone target not found
Native extension for Android target not found
Mono: successfully reloaded assembly
- Finished resetting the current domain, in  0.887 seconds
Domain Reload Profiling: 1383ms
	BeginReloadAssembly (131ms)
		ExecutionOrderSort (0ms)
		DisableScriptedObjects (3ms)
		BackupInstance (0ms)
		ReleaseScriptingObjects (0ms)
		CreateAndSetChildDomain (25ms)
	RebuildCommonClasses (21ms)
	RebuildNativeTypeToScriptingClass (9ms)
	initialDomainReloadingComplete (43ms)
	LoadAllAssembliesAndSetupDomain (292ms)
		LoadAssemblies (345ms)
		RebuildTransferFunctionScriptingTraits (0ms)
		AnalyzeDomain (21ms)
			TypeCache.Refresh (7ms)
				TypeCache.ScanAssembly (1ms)
			ScanForSourceGeneratedMonoScriptInfo (6ms)
			ResolveRequiredComponents (6ms)
	FinalizeReload (887ms)
		ReleaseScriptCaches (0ms)
		RebuildScriptCaches (0ms)
		SetupLoadedEditorAssemblies (321ms)
			LogAssemblyErrors (0ms)
			InitializePlatformSupportModulesInManaged (19ms)
			SetLoadedEditorAssemblies (3ms)
			RefreshPlugins (0ms)
			BeforeProcessingInitializeOnLoad (48ms)
			ProcessInitializeOnLoadAttributes (227ms)
			ProcessInitializeOnLoadMethodAttributes (14ms)
			AfterProcessingInitializeOnLoad (10ms)
			EditorAssembliesLoaded (0ms)
		ExecutionOrderSort2 (0ms)
		AwakeInstancesAfterBackupRestoration (5ms)
Refreshing native plugins compatible for Editor in 25.55 ms, found 10 plugins.
Preloading 0 native plugins for Editor in 0.00 ms.
Unloading 3931 Unused Serialized files (Serialized files now loaded: 0)
Unloading 42 unused Assets / (38.4 KB). Loaded Objects now: 4748.
Memory consumption went from 144.2 MB to 144.2 MB.
Total: 2.435700 ms (FindLiveObjects: 0.355600 ms CreateObjectMapping: 0.101600 ms MarkObjects: 1.928400 ms  DeleteObjects: 0.049300 ms)

Prepare: number of updated asset objects reloaded= 0
AssetImportParameters requested are different than current active one (requested -> active):
  custom:container-demuxer-ogg: 62fdf1f143b41e24485cea50d1cbac27 -> 
  custom:video-decoder-ogg-theora: a1e56fd34408186e4bbccfd4996cb3dc -> 
  custom:framework-win-MediaFoundation: 216162199b28c13a410421893ffa2e32 -> 
  custom:CustomObjectIndexerAttribute: 9a22284fe3817be447336de3de66b15e -> 
  custom:container-demuxer-webm: 4f35f7cbe854078d1ac9338744f61a02 -> 
  custom:container-muxer-webm: aa71ff27fc2769a1b78a27578f13a17b -> 
  custom:video-decoder-webm-vp8: 9c59270c3fd7afecdb556c50c9e8de78 -> 
  custom:SearchIndexIgnoredProperties: e643bd26f0fe6173181afceb89e7c659 -> 
  custom:AudioImporter_EditorPlatform: d09bf68614088b80899f8185d706f6e7 -> 
  custom:video-encoder-webm-vp8: eb34c28f22e8b96e1ab97ce403110664 -> 
  custom:audio-decoder-ogg-vorbis: bf7c407c2cedff20999df2af8eb42d56 -> 
  custom:audio-encoder-webm-vorbis: bf7c407c2cedff20999df2af8eb42d56 -> 
  custom:scripting/precompiled-assembly-types:Assembly-CSharp: e2a162af377507ede95911f2a96175f3 -> b7af8e27620098665de9fa658ac1471d
========================================================================
Received Prepare
Caller must complete domain reload
Begin MonoManager ReloadAssembly
Symbol file LoadedFromMemory is not a mono symbol file
- Loaded All Assemblies, in  0.462 seconds
Native extension for WindowsStandalone target not found
Native extension for Android target not found
Mono: successfully reloaded assembly
- Finished resetting the current domain, in  0.972 seconds
Domain Reload Profiling: 1428ms
	BeginReloadAssembly (126ms)
		ExecutionOrderSort (0ms)
		DisableScriptedObjects (4ms)
		BackupInstance (0ms)
		ReleaseScriptingObjects (0ms)
		CreateAndSetChildDomain (26ms)
	RebuildCommonClasses (19ms)
	RebuildNativeTypeToScriptingClass (7ms)
	initialDomainReloadingComplete (38ms)
	LoadAllAssembliesAndSetupDomain (266ms)
		LoadAssemblies (324ms)
		RebuildTransferFunctionScriptingTraits (0ms)
		AnalyzeDomain (10ms)
			TypeCache.Refresh (4ms)
				TypeCache.ScanAssembly (0ms)
			ScanForSourceGeneratedMonoScriptInfo (0ms)
			ResolveRequiredComponents (4ms)
	FinalizeReload (972ms)
		ReleaseScriptCaches (0ms)
		RebuildScriptCaches (0ms)
		SetupLoadedEditorAssemblies (365ms)
			LogAssemblyErrors (0ms)
			InitializePlatformSupportModulesInManaged (23ms)
			SetLoadedEditorAssemblies (3ms)
			RefreshPlugins (0ms)
			BeforeProcessingInitializeOnLoad (56ms)
			ProcessInitializeOnLoadAttributes (253ms)
			ProcessInitializeOnLoadMethodAttributes (18ms)
			AfterProcessingInitializeOnLoad (12ms)
			EditorAssembliesLoaded (0ms)
		ExecutionOrderSort2 (0ms)
		AwakeInstancesAfterBackupRestoration (6ms)
Refreshing native plugins compatible for Editor in 29.57 ms, found 10 plugins.
Preloading 0 native plugins for Editor in 0.00 ms.
Unloading 3931 Unused Serialized files (Serialized files now loaded: 0)
Unloading 42 unused Assets / (38.4 KB). Loaded Objects now: 4752.
Memory consumption went from 144.2 MB to 144.2 MB.
Total: 2.282500 ms (FindLiveObjects: 0.278500 ms CreateObjectMapping: 0.055600 ms MarkObjects: 1.896700 ms  DeleteObjects: 0.051100 ms)

Prepare: number of updated asset objects reloaded= 0
AssetImportParameters requested are different than current active one (requested -> active):
  custom:container-demuxer-ogg: 62fdf1f143b41e24485cea50d1cbac27 -> 
  custom:video-decoder-ogg-theora: a1e56fd34408186e4bbccfd4996cb3dc -> 
  custom:framework-win-MediaFoundation: 216162199b28c13a410421893ffa2e32 -> 
  custom:CustomObjectIndexerAttribute: 9a22284fe3817be447336de3de66b15e -> 
  custom:container-demuxer-webm: 4f35f7cbe854078d1ac9338744f61a02 -> 
  custom:container-muxer-webm: aa71ff27fc2769a1b78a27578f13a17b -> 
  custom:video-decoder-webm-vp8: 9c59270c3fd7afecdb556c50c9e8de78 -> 
  custom:SearchIndexIgnoredProperties: e643bd26f0fe6173181afceb89e7c659 -> 
  custom:AudioImporter_EditorPlatform: d09bf68614088b80899f8185d706f6e7 -> 
  custom:video-encoder-webm-vp8: eb34c28f22e8b96e1ab97ce403110664 -> 
  custom:audio-decoder-ogg-vorbis: bf7c407c2cedff20999df2af8eb42d56 -> 
  custom:audio-encoder-webm-vorbis: bf7c407c2cedff20999df2af8eb42d56 -> 
  custom:scripting/precompiled-assembly-types:Assembly-CSharp: e2a162af377507ede95911f2a96175f3 -> b7af8e27620098665de9fa658ac1471d
========================================================================
Received Prepare
Caller must complete domain reload
Begin MonoManager ReloadAssembly
Symbol file LoadedFromMemory is not a mono symbol file
- Loaded All Assemblies, in  0.539 seconds
Native extension for WindowsStandalone target not found
Native extension for Android target not found
Mono: successfully reloaded assembly
- Finished resetting the current domain, in  1.031 seconds
Domain Reload Profiling: 1563ms
	BeginReloadAssembly (136ms)
		ExecutionOrderSort (0ms)
		DisableScriptedObjects (2ms)
		BackupInstance (0ms)
		ReleaseScriptingObjects (0ms)
		CreateAndSetChildDomain (29ms)
	RebuildCommonClasses (22ms)
	RebuildNativeTypeToScriptingClass (7ms)
	initialDomainReloadingComplete (42ms)
	LoadAllAssembliesAndSetupDomain (326ms)
		LoadAssemblies (382ms)
		RebuildTransferFunctionScriptingTraits (0ms)
		AnalyzeDomain (20ms)
			TypeCache.Refresh (8ms)
				TypeCache.ScanAssembly (1ms)
			ScanForSourceGeneratedMonoScriptInfo (6ms)
			ResolveRequiredComponents (4ms)
	FinalizeReload (1031ms)
		ReleaseScriptCaches (0ms)
		RebuildScriptCaches (0ms)
		SetupLoadedEditorAssemblies (372ms)
			LogAssemblyErrors (0ms)
			InitializePlatformSupportModulesInManaged (23ms)
			SetLoadedEditorAssemblies (3ms)
			RefreshPlugins (0ms)
			BeforeProcessingInitializeOnLoad (59ms)
			ProcessInitializeOnLoadAttributes (260ms)
			ProcessInitializeOnLoadMethodAttributes (16ms)
			AfterProcessingInitializeOnLoad (10ms)
			EditorAssembliesLoaded (0ms)
		ExecutionOrderSort2 (0ms)
		AwakeInstancesAfterBackupRestoration (5ms)
Refreshing native plugins compatible for Editor in 29.18 ms, found 10 plugins.
Preloading 0 native plugins for Editor in 0.00 ms.
Unloading 3931 Unused Serialized files (Serialized files now loaded: 0)
Unloading 42 unused Assets / (38.5 KB). Loaded Objects now: 4756.
Memory consumption went from 144.2 MB to 144.2 MB.
Total: 2.225000 ms (FindLiveObjects: 0.299000 ms CreateObjectMapping: 0.058200 ms MarkObjects: 1.817800 ms  DeleteObjects: 0.049200 ms)

Prepare: number of updated asset objects reloaded= 0
AssetImportParameters requested are different than current active one (requested -> active):
  custom:container-demuxer-ogg: 62fdf1f143b41e24485cea50d1cbac27 -> 
  custom:video-decoder-ogg-theora: a1e56fd34408186e4bbccfd4996cb3dc -> 
  custom:framework-win-MediaFoundation: 216162199b28c13a410421893ffa2e32 -> 
  custom:CustomObjectIndexerAttribute: 9a22284fe3817be447336de3de66b15e -> 
  custom:container-demuxer-webm: 4f35f7cbe854078d1ac9338744f61a02 -> 
  custom:container-muxer-webm: aa71ff27fc2769a1b78a27578f13a17b -> 
  custom:video-decoder-webm-vp8: 9c59270c3fd7afecdb556c50c9e8de78 -> 
  custom:SearchIndexIgnoredProperties: e643bd26f0fe6173181afceb89e7c659 -> 
  custom:AudioImporter_EditorPlatform: d09bf68614088b80899f8185d706f6e7 -> 
  custom:video-encoder-webm-vp8: eb34c28f22e8b96e1ab97ce403110664 -> 
  custom:audio-decoder-ogg-vorbis: bf7c407c2cedff20999df2af8eb42d56 -> 
  custom:audio-encoder-webm-vorbis: bf7c407c2cedff20999df2af8eb42d56 -> 
  custom:scripting/precompiled-assembly-types:Assembly-CSharp: 6a2682d8b75990a37c1b15816507913d -> b7af8e27620098665de9fa658ac1471d
========================================================================
Received Prepare
Caller must complete domain reload
Begin MonoManager ReloadAssembly
Symbol file LoadedFromMemory is not a mono symbol file
- Loaded All Assemblies, in  0.470 seconds
Native extension for WindowsStandalone target not found
Native extension for Android target not found
Mono: successfully reloaded assembly
- Finished resetting the current domain, in  0.957 seconds
Domain Reload Profiling: 1422ms
	BeginReloadAssembly (124ms)
		ExecutionOrderSort (0ms)
		DisableScriptedObjects (2ms)
		BackupInstance (0ms)
		ReleaseScriptingObjects (0ms)
		CreateAndSetChildDomain (28ms)
	RebuildCommonClasses (24ms)
	RebuildNativeTypeToScriptingClass (9ms)
	initialDomainReloadingComplete (39ms)
	LoadAllAssembliesAndSetupDomain (268ms)
		LoadAssemblies (325ms)
		RebuildTransferFunctionScriptingTraits (0ms)
		AnalyzeDomain (9ms)
			TypeCache.Refresh (4ms)
				TypeCache.ScanAssembly (0ms)
			ScanForSourceGeneratedMonoScriptInfo (0ms)
			ResolveRequiredComponents (4ms)
	FinalizeReload (957ms)
		ReleaseScriptCaches (0ms)
		RebuildScriptCaches (0ms)
		SetupLoadedEditorAssemblies (359ms)
			LogAssemblyErrors (0ms)
			InitializePlatformSupportModulesInManaged (21ms)
			SetLoadedEditorAssemblies (3ms)
			RefreshPlugins (0ms)
			BeforeProcessingInitializeOnLoad (57ms)
			ProcessInitializeOnLoadAttributes (251ms)
			ProcessInitializeOnLoadMethodAttributes (16ms)
			AfterProcessingInitializeOnLoad (11ms)
			EditorAssembliesLoaded (0ms)
		ExecutionOrderSort2 (0ms)
		AwakeInstancesAfterBackupRestoration (5ms)
Refreshing native plugins compatible for Editor in 29.79 ms, found 10 plugins.
Preloading 0 native plugins for Editor in 0.00 ms.
Unloading 3931 Unused Serialized files (Serialized files now loaded: 0)
Unloading 42 unused Assets / (38.4 KB). Loaded Objects now: 4760.
Memory consumption went from 144.2 MB to 144.2 MB.
Total: 2.264900 ms (FindLiveObjects: 0.277600 ms CreateObjectMapping: 0.056200 ms MarkObjects: 1.878900 ms  DeleteObjects: 0.051500 ms)

Prepare: number of updated asset objects reloaded= 0
AssetImportParameters requested are different than current active one (requested -> active):
  custom:container-demuxer-ogg: 62fdf1f143b41e24485cea50d1cbac27 -> 
  custom:video-decoder-ogg-theora: a1e56fd34408186e4bbccfd4996cb3dc -> 
  custom:framework-win-MediaFoundation: 216162199b28c13a410421893ffa2e32 -> 
  custom:CustomObjectIndexerAttribute: 9a22284fe3817be447336de3de66b15e -> 
  custom:container-demuxer-webm: 4f35f7cbe854078d1ac9338744f61a02 -> 
  custom:container-muxer-webm: aa71ff27fc2769a1b78a27578f13a17b -> 
  custom:video-decoder-webm-vp8: 9c59270c3fd7afecdb556c50c9e8de78 -> 
  custom:SearchIndexIgnoredProperties: e643bd26f0fe6173181afceb89e7c659 -> 
  custom:AudioImporter_EditorPlatform: d09bf68614088b80899f8185d706f6e7 -> 
  custom:video-encoder-webm-vp8: eb34c28f22e8b96e1ab97ce403110664 -> 
  custom:audio-decoder-ogg-vorbis: bf7c407c2cedff20999df2af8eb42d56 -> 
  custom:audio-encoder-webm-vorbis: bf7c407c2cedff20999df2af8eb42d56 -> 
  custom:scripting/precompiled-assembly-types:Assembly-CSharp: 6a2682d8b75990a37c1b15816507913d -> b7af8e27620098665de9fa658ac1471d
========================================================================
Received Prepare
Caller must complete domain reload
Begin MonoManager ReloadAssembly
Symbol file LoadedFromMemory is not a mono symbol file
- Loaded All Assemblies, in  0.517 seconds
Native extension for WindowsStandalone target not found
Native extension for Android target not found
Mono: successfully reloaded assembly
- Finished resetting the current domain, in  1.020 seconds
Domain Reload Profiling: 1531ms
	BeginReloadAssembly (137ms)
		ExecutionOrderSort (0ms)
		DisableScriptedObjects (3ms)
		BackupInstance (0ms)
		ReleaseScriptingObjects (0ms)
		CreateAndSetChildDomain (25ms)
	RebuildCommonClasses (28ms)
	RebuildNativeTypeToScriptingClass (7ms)
	initialDomainReloadingComplete (39ms)
	LoadAllAssembliesAndSetupDomain (301ms)
		LoadAssemblies (367ms)
		RebuildTransferFunctionScriptingTraits (0ms)
		AnalyzeDomain (12ms)
			TypeCache.Refresh (5ms)
				TypeCache.ScanAssembly (0ms)
			ScanForSourceGeneratedMonoScriptInfo (0ms)
			ResolveRequiredComponents (5ms)
	FinalizeReload (1020ms)
		ReleaseScriptCaches (0ms)
		RebuildScriptCaches (0ms)
		SetupLoadedEditorAssemblies (384ms)
			LogAssemblyErrors (0ms)
			InitializePlatformSupportModulesInManaged (24ms)
			SetLoadedEditorAssemblies (3ms)
			RefreshPlugins (0ms)
			BeforeProcessingInitializeOnLoad (60ms)
			ProcessInitializeOnLoadAttributes (268ms)
			ProcessInitializeOnLoadMethodAttributes (17ms)
			AfterProcessingInitializeOnLoad (11ms)
			EditorAssembliesLoaded (0ms)
		ExecutionOrderSort2 (0ms)
		AwakeInstancesAfterBackupRestoration (6ms)
Refreshing native plugins compatible for Editor in 30.11 ms, found 10 plugins.
Preloading 0 native plugins for Editor in 0.00 ms.
Unloading 3931 Unused Serialized files (Serialized files now loaded: 0)
Unloading 42 unused Assets / (38.5 KB). Loaded Objects now: 4764.
Memory consumption went from 144.2 MB to 144.2 MB.
Total: 2.924400 ms (FindLiveObjects: 0.495500 ms CreateObjectMapping: 0.103400 ms MarkObjects: 2.275800 ms  DeleteObjects: 0.049000 ms)

Prepare: number of updated asset objects reloaded= 0
AssetImportParameters requested are different than current active one (requested -> active):
  custom:container-demuxer-ogg: 62fdf1f143b41e24485cea50d1cbac27 -> 
  custom:video-decoder-ogg-theora: a1e56fd34408186e4bbccfd4996cb3dc -> 
  custom:framework-win-MediaFoundation: 216162199b28c13a410421893ffa2e32 -> 
  custom:CustomObjectIndexerAttribute: 9a22284fe3817be447336de3de66b15e -> 
  custom:container-demuxer-webm: 4f35f7cbe854078d1ac9338744f61a02 -> 
  custom:container-muxer-webm: aa71ff27fc2769a1b78a27578f13a17b -> 
  custom:video-decoder-webm-vp8: 9c59270c3fd7afecdb556c50c9e8de78 -> 
  custom:SearchIndexIgnoredProperties: e643bd26f0fe6173181afceb89e7c659 -> 
  custom:AudioImporter_EditorPlatform: d09bf68614088b80899f8185d706f6e7 -> 
  custom:video-encoder-webm-vp8: eb34c28f22e8b96e1ab97ce403110664 -> 
  custom:audio-decoder-ogg-vorbis: bf7c407c2cedff20999df2af8eb42d56 -> 
  custom:audio-encoder-webm-vorbis: bf7c407c2cedff20999df2af8eb42d56 -> 
  custom:scripting/precompiled-assembly-types:Assembly-CSharp: 6a2682d8b75990a37c1b15816507913d -> b7af8e27620098665de9fa658ac1471d
========================================================================
Received Prepare
Caller must complete domain reload
Begin MonoManager ReloadAssembly
Symbol file LoadedFromMemory is not a mono symbol file
- Loaded All Assemblies, in  0.543 seconds
Native extension for WindowsStandalone target not found
Native extension for Android target not found
Mono: successfully reloaded assembly
- Finished resetting the current domain, in  1.039 seconds
Domain Reload Profiling: 1575ms
	BeginReloadAssembly (132ms)
		ExecutionOrderSort (0ms)
		DisableScriptedObjects (4ms)
		BackupInstance (0ms)
		ReleaseScriptingObjects (0ms)
		CreateAndSetChildDomain (28ms)
	RebuildCommonClasses (27ms)
	RebuildNativeTypeToScriptingClass (6ms)
	initialDomainReloadingComplete (42ms)
	LoadAllAssembliesAndSetupDomain (328ms)
		LoadAssemblies (379ms)
		RebuildTransferFunctionScriptingTraits (0ms)
		AnalyzeDomain (19ms)
			TypeCache.Refresh (7ms)
				TypeCache.ScanAssembly (1ms)
			ScanForSourceGeneratedMonoScriptInfo (7ms)
			ResolveRequiredComponents (4ms)
	FinalizeReload (1039ms)
		ReleaseScriptCaches (0ms)
		RebuildScriptCaches (0ms)
		SetupLoadedEditorAssemblies (344ms)
			LogAssemblyErrors (0ms)
			InitializePlatformSupportModulesInManaged (19ms)
			SetLoadedEditorAssemblies (3ms)
			RefreshPlugins (0ms)
			BeforeProcessingInitializeOnLoad (54ms)
			ProcessInitializeOnLoadAttributes (243ms)
			ProcessInitializeOnLoadMethodAttributes (14ms)
			AfterProcessingInitializeOnLoad (11ms)
			EditorAssembliesLoaded (0ms)
		ExecutionOrderSort2 (0ms)
		AwakeInstancesAfterBackupRestoration (6ms)
Refreshing native plugins compatible for Editor in 28.47 ms, found 10 plugins.
Preloading 0 native plugins for Editor in 0.00 ms.
Unloading 3931 Unused Serialized files (Serialized files now loaded: 0)
Unloading 42 unused Assets / (38.5 KB). Loaded Objects now: 4768.
Memory consumption went from 144.3 MB to 144.2 MB.
Total: 3.597700 ms (FindLiveObjects: 0.422200 ms CreateObjectMapping: 0.203900 ms MarkObjects: 2.902300 ms  DeleteObjects: 0.068700 ms)

Prepare: number of updated asset objects reloaded= 0
AssetImportParameters requested are different than current active one (requested -> active):
  custom:container-demuxer-ogg: 62fdf1f143b41e24485cea50d1cbac27 -> 
  custom:video-decoder-ogg-theora: a1e56fd34408186e4bbccfd4996cb3dc -> 
  custom:framework-win-MediaFoundation: 216162199b28c13a410421893ffa2e32 -> 
  custom:CustomObjectIndexerAttribute: 9a22284fe3817be447336de3de66b15e -> 
  custom:container-demuxer-webm: 4f35f7cbe854078d1ac9338744f61a02 -> 
  custom:container-muxer-webm: aa71ff27fc2769a1b78a27578f13a17b -> 
  custom:video-decoder-webm-vp8: 9c59270c3fd7afecdb556c50c9e8de78 -> 
  custom:SearchIndexIgnoredProperties: e643bd26f0fe6173181afceb89e7c659 -> 
  custom:AudioImporter_EditorPlatform: d09bf68614088b80899f8185d706f6e7 -> 
  custom:video-encoder-webm-vp8: eb34c28f22e8b96e1ab97ce403110664 -> 
  custom:audio-decoder-ogg-vorbis: bf7c407c2cedff20999df2af8eb42d56 -> 
  custom:audio-encoder-webm-vorbis: bf7c407c2cedff20999df2af8eb42d56 -> 
  custom:scripting/precompiled-assembly-types:Assembly-CSharp: e2a162af377507ede95911f2a96175f3 -> b7af8e27620098665de9fa658ac1471d
========================================================================
Received Prepare
Caller must complete domain reload
Begin MonoManager ReloadAssembly
Symbol file LoadedFromMemory is not a mono symbol file
- Loaded All Assemblies, in  0.479 seconds
Native extension for WindowsStandalone target not found
Native extension for Android target not found
Mono: successfully reloaded assembly
- Finished resetting the current domain, in  0.983 seconds
Domain Reload Profiling: 1457ms
	BeginReloadAssembly (125ms)
		ExecutionOrderSort (0ms)
		DisableScriptedObjects (2ms)
		BackupInstance (0ms)
		ReleaseScriptingObjects (0ms)
		CreateAndSetChildDomain (27ms)
	RebuildCommonClasses (26ms)
	RebuildNativeTypeToScriptingClass (7ms)
	initialDomainReloadingComplete (39ms)
	LoadAllAssembliesAndSetupDomain (277ms)
		LoadAssemblies (333ms)
		RebuildTransferFunctionScriptingTraits (0ms)
		AnalyzeDomain (12ms)
			TypeCache.Refresh (4ms)
				TypeCache.ScanAssembly (0ms)
			ScanForSourceGeneratedMonoScriptInfo (0ms)
			ResolveRequiredComponents (7ms)
	FinalizeReload (984ms)
		ReleaseScriptCaches (0ms)
		RebuildScriptCaches (0ms)
		SetupLoadedEditorAssemblies (378ms)
			LogAssemblyErrors (0ms)
			InitializePlatformSupportModulesInManaged (21ms)
			SetLoadedEditorAssemblies (3ms)
			RefreshPlugins (0ms)
			BeforeProcessingInitializeOnLoad (58ms)
			ProcessInitializeOnLoadAttributes (268ms)
			ProcessInitializeOnLoadMethodAttributes (18ms)
			AfterProcessingInitializeOnLoad (11ms)
			EditorAssembliesLoaded (0ms)
		ExecutionOrderSort2 (0ms)
		AwakeInstancesAfterBackupRestoration (5ms)
Refreshing native plugins compatible for Editor in 28.49 ms, found 10 plugins.
Preloading 0 native plugins for Editor in 0.00 ms.
Unloading 3931 Unused Serialized files (Serialized files now loaded: 0)
Unloading 42 unused Assets / (38.4 KB). Loaded Objects now: 4772.
Memory consumption went from 144.3 MB to 144.2 MB.
Total: 2.570600 ms (FindLiveObjects: 0.426100 ms CreateObjectMapping: 0.065900 ms MarkObjects: 2.025600 ms  DeleteObjects: 0.052400 ms)

Prepare: number of updated asset objects reloaded= 0
AssetImportParameters requested are different than current active one (requested -> active):
  custom:container-demuxer-ogg: 62fdf1f143b41e24485cea50d1cbac27 -> 
  custom:video-decoder-ogg-theora: a1e56fd34408186e4bbccfd4996cb3dc -> 
  custom:framework-win-MediaFoundation: 216162199b28c13a410421893ffa2e32 -> 
  custom:CustomObjectIndexerAttribute: 9a22284fe3817be447336de3de66b15e -> 
  custom:container-demuxer-webm: 4f35f7cbe854078d1ac9338744f61a02 -> 
  custom:container-muxer-webm: aa71ff27fc2769a1b78a27578f13a17b -> 
  custom:video-decoder-webm-vp8: 9c59270c3fd7afecdb556c50c9e8de78 -> 
  custom:SearchIndexIgnoredProperties: e643bd26f0fe6173181afceb89e7c659 -> 
  custom:AudioImporter_EditorPlatform: d09bf68614088b80899f8185d706f6e7 -> 
  custom:video-encoder-webm-vp8: eb34c28f22e8b96e1ab97ce403110664 -> 
  custom:audio-decoder-ogg-vorbis: bf7c407c2cedff20999df2af8eb42d56 -> 
  custom:audio-encoder-webm-vorbis: bf7c407c2cedff20999df2af8eb42d56 -> 
  custom:scripting/precompiled-assembly-types:Assembly-CSharp: e2a162af377507ede95911f2a96175f3 -> b7af8e27620098665de9fa658ac1471d
========================================================================
Received Prepare
Caller must complete domain reload
Begin MonoManager ReloadAssembly
Symbol file LoadedFromMemory is not a mono symbol file
- Loaded All Assemblies, in  0.524 seconds
Native extension for WindowsStandalone target not found
Native extension for Android target not found
Mono: successfully reloaded assembly
- Finished resetting the current domain, in  1.123 seconds
Domain Reload Profiling: 1641ms
	BeginReloadAssembly (129ms)
		ExecutionOrderSort (0ms)
		DisableScriptedObjects (3ms)
		BackupInstance (0ms)
		ReleaseScriptingObjects (0ms)
		CreateAndSetChildDomain (25ms)
	RebuildCommonClasses (21ms)
	RebuildNativeTypeToScriptingClass (7ms)
	initialDomainReloadingComplete (40ms)
	LoadAllAssembliesAndSetupDomain (320ms)
		LoadAssemblies (373ms)
		RebuildTransferFunctionScriptingTraits (0ms)
		AnalyzeDomain (19ms)
			TypeCache.Refresh (7ms)
				TypeCache.ScanAssembly (1ms)
			ScanForSourceGeneratedMonoScriptInfo (6ms)
			ResolveRequiredComponents (4ms)
	FinalizeReload (1123ms)
		ReleaseScriptCaches (0ms)
		RebuildScriptCaches (0ms)
		SetupLoadedEditorAssemblies (435ms)
			LogAssemblyErrors (0ms)
			InitializePlatformSupportModulesInManaged (24ms)
			SetLoadedEditorAssemblies (3ms)
			RefreshPlugins (0ms)
			BeforeProcessingInitializeOnLoad (60ms)
			ProcessInitializeOnLoadAttributes (307ms)
			ProcessInitializeOnLoadMethodAttributes (21ms)
			AfterProcessingInitializeOnLoad (19ms)
			EditorAssembliesLoaded (0ms)
		ExecutionOrderSort2 (0ms)
		AwakeInstancesAfterBackupRestoration (6ms)
Refreshing native plugins compatible for Editor in 33.67 ms, found 10 plugins.
Preloading 0 native plugins for Editor in 0.00 ms.
Unloading 3931 Unused Serialized files (Serialized files now loaded: 0)
Unloading 42 unused Assets / (38.4 KB). Loaded Objects now: 4776.
Memory consumption went from 144.3 MB to 144.2 MB.
Total: 3.267200 ms (FindLiveObjects: 0.415400 ms CreateObjectMapping: 0.112700 ms MarkObjects: 2.667800 ms  DeleteObjects: 0.070200 ms)

Prepare: number of updated asset objects reloaded= 0
AssetImportParameters requested are different than current active one (requested -> active):
  custom:container-demuxer-ogg: 62fdf1f143b41e24485cea50d1cbac27 -> 
  custom:video-decoder-ogg-theora: a1e56fd34408186e4bbccfd4996cb3dc -> 
  custom:framework-win-MediaFoundation: 216162199b28c13a410421893ffa2e32 -> 
  custom:CustomObjectIndexerAttribute: 9a22284fe3817be447336de3de66b15e -> 
  custom:container-demuxer-webm: 4f35f7cbe854078d1ac9338744f61a02 -> 
  custom:container-muxer-webm: aa71ff27fc2769a1b78a27578f13a17b -> 
  custom:video-decoder-webm-vp8: 9c59270c3fd7afecdb556c50c9e8de78 -> 
  custom:SearchIndexIgnoredProperties: e643bd26f0fe6173181afceb89e7c659 -> 
  custom:AudioImporter_EditorPlatform: d09bf68614088b80899f8185d706f6e7 -> 
  custom:video-encoder-webm-vp8: eb34c28f22e8b96e1ab97ce403110664 -> 
  custom:audio-decoder-ogg-vorbis: bf7c407c2cedff20999df2af8eb42d56 -> 
  custom:audio-encoder-webm-vorbis: bf7c407c2cedff20999df2af8eb42d56 -> 
  custom:scripting/precompiled-assembly-types:Assembly-CSharp: b33b7692e0b9af2c73ac2fc9b0781b64 -> b7af8e27620098665de9fa658ac1471d
========================================================================
Received Prepare
Caller must complete domain reload
Begin MonoManager ReloadAssembly
Symbol file LoadedFromMemory is not a mono symbol file
- Loaded All Assemblies, in  0.569 seconds
Native extension for WindowsStandalone target not found
Native extension for Android target not found
Mono: successfully reloaded assembly
- Finished resetting the current domain, in  0.988 seconds
Domain Reload Profiling: 1550ms
	BeginReloadAssembly (133ms)
		ExecutionOrderSort (0ms)
		DisableScriptedObjects (3ms)
		BackupInstance (0ms)
		ReleaseScriptingObjects (0ms)
		CreateAndSetChildDomain (27ms)
	RebuildCommonClasses (25ms)
	RebuildNativeTypeToScriptingClass (11ms)
	initialDomainReloadingComplete (65ms)
	LoadAllAssembliesAndSetupDomain (328ms)
		LoadAssemblies (383ms)
		RebuildTransferFunctionScriptingTraits (0ms)
		AnalyzeDomain (19ms)
			TypeCache.Refresh (8ms)
				TypeCache.ScanAssembly (1ms)
			ScanForSourceGeneratedMonoScriptInfo (5ms)
			ResolveRequiredComponents (4ms)
	FinalizeReload (988ms)
		ReleaseScriptCaches (0ms)
		RebuildScriptCaches (0ms)
		SetupLoadedEditorAssemblies (368ms)
			LogAssemblyErrors (0ms)
			InitializePlatformSupportModulesInManaged (21ms)
			SetLoadedEditorAssemblies (3ms)
			RefreshPlugins (0ms)
			BeforeProcessingInitializeOnLoad (59ms)
			ProcessInitializeOnLoadAttributes (253ms)
			ProcessInitializeOnLoadMethodAttributes (20ms)
			AfterProcessingInitializeOnLoad (13ms)
			EditorAssembliesLoaded (0ms)
		ExecutionOrderSort2 (0ms)
		AwakeInstancesAfterBackupRestoration (5ms)
Refreshing native plugins compatible for Editor in 31.99 ms, found 10 plugins.
Preloading 0 native plugins for Editor in 0.00 ms.
Unloading 3931 Unused Serialized files (Serialized files now loaded: 0)
Unloading 42 unused Assets / (38.4 KB). Loaded Objects now: 4780.
Memory consumption went from 144.3 MB to 144.2 MB.
Total: 2.604700 ms (FindLiveObjects: 0.441800 ms CreateObjectMapping: 0.083900 ms MarkObjects: 2.019100 ms  DeleteObjects: 0.058900 ms)

Prepare: number of updated asset objects reloaded= 0
AssetImportParameters requested are different than current active one (requested -> active):
  custom:container-demuxer-ogg: 62fdf1f143b41e24485cea50d1cbac27 -> 
  custom:video-decoder-ogg-theora: a1e56fd34408186e4bbccfd4996cb3dc -> 
  custom:framework-win-MediaFoundation: 216162199b28c13a410421893ffa2e32 -> 
  custom:CustomObjectIndexerAttribute: 9a22284fe3817be447336de3de66b15e -> 
  custom:container-demuxer-webm: 4f35f7cbe854078d1ac9338744f61a02 -> 
  custom:container-muxer-webm: aa71ff27fc2769a1b78a27578f13a17b -> 
  custom:video-decoder-webm-vp8: 9c59270c3fd7afecdb556c50c9e8de78 -> 
  custom:SearchIndexIgnoredProperties: e643bd26f0fe6173181afceb89e7c659 -> 
  custom:AudioImporter_EditorPlatform: d09bf68614088b80899f8185d706f6e7 -> 
  custom:video-encoder-webm-vp8: eb34c28f22e8b96e1ab97ce403110664 -> 
  custom:audio-decoder-ogg-vorbis: bf7c407c2cedff20999df2af8eb42d56 -> 
  custom:audio-encoder-webm-vorbis: bf7c407c2cedff20999df2af8eb42d56 -> 
  custom:scripting/precompiled-assembly-types:Assembly-CSharp: b33b7692e0b9af2c73ac2fc9b0781b64 -> b7af8e27620098665de9fa658ac1471d
========================================================================
Received Prepare
Caller must complete domain reload
Begin MonoManager ReloadAssembly
Symbol file LoadedFromMemory is not a mono symbol file
- Loaded All Assemblies, in  0.474 seconds
Native extension for WindowsStandalone target not found
Native extension for Android target not found
Mono: successfully reloaded assembly
- Finished resetting the current domain, in  0.973 seconds
Domain Reload Profiling: 1442ms
	BeginReloadAssembly (126ms)
		ExecutionOrderSort (0ms)
		DisableScriptedObjects (2ms)
		BackupInstance (0ms)
		ReleaseScriptingObjects (0ms)
		CreateAndSetChildDomain (25ms)
	RebuildCommonClasses (21ms)
	RebuildNativeTypeToScriptingClass (6ms)
	initialDomainReloadingComplete (39ms)
	LoadAllAssembliesAndSetupDomain (276ms)
		LoadAssemblies (339ms)
		RebuildTransferFunctionScriptingTraits (0ms)
		AnalyzeDomain (9ms)
			TypeCache.Refresh (4ms)
				TypeCache.ScanAssembly (0ms)
			ScanForSourceGeneratedMonoScriptInfo (0ms)
			ResolveRequiredComponents (4ms)
	FinalizeReload (974ms)
		ReleaseScriptCaches (0ms)
		RebuildScriptCaches (0ms)
		SetupLoadedEditorAssemblies (369ms)
			LogAssemblyErrors (0ms)
			InitializePlatformSupportModulesInManaged (20ms)
			SetLoadedEditorAssemblies (4ms)
			RefreshPlugins (0ms)
			BeforeProcessingInitializeOnLoad (60ms)
			ProcessInitializeOnLoadAttributes (258ms)
			ProcessInitializeOnLoadMethodAttributes (17ms)
			AfterProcessingInitializeOnLoad (11ms)
			EditorAssembliesLoaded (0ms)
		ExecutionOrderSort2 (0ms)
		AwakeInstancesAfterBackupRestoration (5ms)
Refreshing native plugins compatible for Editor in 31.52 ms, found 10 plugins.
Preloading 0 native plugins for Editor in 0.00 ms.
Unloading 3931 Unused Serialized files (Serialized files now loaded: 0)
Unloading 42 unused Assets / (38.4 KB). Loaded Objects now: 4784.
Memory consumption went from 144.3 MB to 144.2 MB.
Total: 2.674400 ms (FindLiveObjects: 0.288200 ms CreateObjectMapping: 0.056700 ms MarkObjects: 2.269000 ms  DeleteObjects: 0.059500 ms)

Prepare: number of updated asset objects reloaded= 0
AssetImportParameters requested are different than current active one (requested -> active):
  custom:container-demuxer-ogg: 62fdf1f143b41e24485cea50d1cbac27 -> 
  custom:video-decoder-ogg-theora: a1e56fd34408186e4bbccfd4996cb3dc -> 
  custom:framework-win-MediaFoundation: 216162199b28c13a410421893ffa2e32 -> 
  custom:CustomObjectIndexerAttribute: 9a22284fe3817be447336de3de66b15e -> 
  custom:container-demuxer-webm: 4f35f7cbe854078d1ac9338744f61a02 -> 
  custom:container-muxer-webm: aa71ff27fc2769a1b78a27578f13a17b -> 
  custom:video-decoder-webm-vp8: 9c59270c3fd7afecdb556c50c9e8de78 -> 
  custom:SearchIndexIgnoredProperties: e643bd26f0fe6173181afceb89e7c659 -> 
  custom:AudioImporter_EditorPlatform: d09bf68614088b80899f8185d706f6e7 -> 
  custom:video-encoder-webm-vp8: eb34c28f22e8b96e1ab97ce403110664 -> 
  custom:audio-decoder-ogg-vorbis: bf7c407c2cedff20999df2af8eb42d56 -> 
  custom:audio-encoder-webm-vorbis: bf7c407c2cedff20999df2af8eb42d56 -> 
  custom:scripting/precompiled-assembly-types:Assembly-CSharp: b33b7692e0b9af2c73ac2fc9b0781b64 -> b7af8e27620098665de9fa658ac1471d
